idCliente,numero,nombre,jornada,idJornadaSugerida,horaApertura,horaCierre,emailContacto,codArea1,telefono1,codArea2,telefono2,stock,fechaActualizacionStock,idFormatoLocal,Formato,REGION,CIUDAD - COMUNA,cutComuna,direccion,referencia,gmapShortUrl,gmapIframeUrl,createdAt,editedAt
2,3,3 Viña del Mar 1,noche,3,08:30,21:30,f_cv003@farmacruzverde.cl,(32),2 71 3692,(32),2 71 4701,33001,2016-02-15,1,Autoservicio,V,Viña del Mar 1,5109,Avenida Valparaíso Nº 640,,,,,
2,5,5 Huechuraba 1,noche,3,09:00,22:00,f_cv005@farmacruzverde.cl,,,,,24077,2016-02-15,3,Multifuncional c/góndolas,RM,Huechuraba 1,13107,Avenida Pedro Fontova Nº 7523,,,,,
2,8,8 Valparaíso 1,noche,3,08:30,21:30,f_cv008@farmacruzverde.cl,(32),2 59 6084,(32),2 21 2777,32455,2016-02-15,1,Autoservicio,V,Valparaíso 1,5101,Condell Nº 1302,,,,,
2,9,9 Valparaíso 2,noche,3,00:01,24:00,f_cv009@farmacruzverde.cl,(32),2 74 5048,,,33026,2016-02-15,1,Autoservicio,V,Valparaíso 2,5101,Pedro Montt Nº 1902,,,,,
2,15,15 Viña del Mar 2,noche,3,00:01,24:00,f_cv015@farmacruzverde.cl,(32),2 71 4044,(32),2 71 4835,41292,2016-02-15,1,Autoservicio,V,Viña del Mar 2,5109,Avenida Valparaíso Nº 404 (Flaño),,,,,
2,16,16 Providencia 1,noche,3,08:00,23:00,f_cv016@farmacruzverde.cl,(2),2235 7772,, ,27856,2016-02-15,3,Multifuncional c/góndolas,RM,Providencia 1,13123,Avenida Eliodoro Yañez Nº 1281,,,,,
2,18,18 Quillota 1,noche,3,09:00,21:00,f_cv018@farmacruzverde.cl,(33),2 31 9578,(33),2 31 9579,31045,2016-02-15,1,Autoservicio,V,Quillota 1,5501,Chacabuco Nº 281,,,,,
2,21,21 Talca 1,noche,3,09:00,22:00,f_cv021@farmacruzverde.cl,,,(2),(2694 4000) 5091,24069,2016-02-15,1,Autoservicio,VII,Talca 1,7101,"2 Norte Nº 3230, Local H.",,,,,
2,24,24 Estación Central 1,noche,3,09:00,21:00,f_cv024@farmacruzverde.cl,(2),2689 2340,(2),2689 3239,18263,2016-02-15,2,Multifuncional,RM,Estación Central 1,13106,Avenida Libertador Bernardo O' Higgins Nº 3002,,,,,
2,26,26 Santiago 1,noche,3,08:00,22:00,f_cv026@farmacruzverde.cl,(2),2687 3775,(2),2695 6933,12746,2016-02-15,2,Multifuncional,RM,Santiago 1,13101,Ahumada Nº 127,,,,,
2,28,28 Ñuñoa 1,noche,3,09:00,22:00,f_cv028@farmacruzverde.cl,(2),2205 4200,,,19871,2016-02-15,3,Multifuncional c/góndolas,RM,Ñuñoa 1,13120,"Avenida José Pedro Alessandri Nº 331, 333, Esquina José Domingo Cañas",,,,,
2,29,29 Antofagasta 1,noche,3,08:30,22:30,f_cv029@farmacruzverde.cl,(55),2 26 1486,,,23898,2016-02-15,3,Multifuncional c/góndolas,II,Antofagasta 1,2101,"Maipú Nº 210, Esquina Balmaceda, frente al Mall plaza Antofagasta",,,,,
2,30,30 Santiago 2,noche,3,07:30,22:00,f_cv030@farmacruzverde.cl,(2),2441 0415,(2),2441 0353,22122,2016-02-15,3,Multifuncional c/góndolas,RM,Santiago 2,13101,Teatinos Nº 6,,,,,
2,32,32 Ovalle 1,noche,3,09:00,21:30,f_cv032@farmacruzverde.cl,(53),2 62 5423,,,19368,2016-02-15,2,Multifuncional,IV,Ovalle 1,4301,"Benavente Nº 1, Local 1",,,,,
2,35,35 Vitacura 1,noche,3,00:01,24:00,f_cv035@farmacruzverde.cl,(2),2218 7927,(2),2218 7817,29521,2016-02-15,3,Multifuncional c/góndolas,RM,Vitacura 1,13132,Vitacura Nº 6602,,,,,
2,36,36 Recoleta 1,noche,3,09:00,20:00,f_cv036@farmacruzverde.cl,(2),2247 6025,, ,18196,2016-02-15,2,Multifuncional,RM,Recoleta 1,13127,"Avenida Recoleta Nº 320, Local 400",,,,,
2,37,37 San Bernardo 1,noche,3,09:30,22:00,f_cv037@farmacruzverde.cl,(2),2857 8189,, ,21382,2016-02-15,1,Autoservicio,RM,San Bernardo 1,13401,"Avenida Presidente J. Alessandri Nº 20.040, Local BN-100, BN-104, BN-108, BN-112, BN-116, BN-120,  (Mall Plaza Sur)",,,,,
2,38,38 Santiago 3,noche,3,08:00,22:00,f_cv038@farmacruzverde.cl,(2),2664 1324,(2),2633 9622,20024,2016-02-15,2,Multifuncional,RM,Santiago 3,13101,Huérfanos Nº 806,,,,,
2,39,39 Providencia 2,noche,3,08:00,22:00,f_cv039@farmacruzverde.cl,(2),2232 4689,(2),2234 0908,29561,2016-02-15,3,Multifuncional c/góndolas,RM,Providencia 2,13123,Providencia Nº 2012,,,,,
2,42,42 Santiago 4,noche,3,08:30,22:00,f_cv042@farmacruzverde.cl,(2),2633 9651,(2),2664 9494,19368,2016-02-15,2,Multifuncional,RM,Santiago 4,13101,"Monjitas Nº 801, Esquina San Antonio",,,,,
2,43,43 Santiago 5,noche,3,08:30,22:00,f_cv043@farmacruzverde.cl,(2),2371 6895,(2),2688 8608,15890,2016-02-15,2,Multifuncional,RM,Santiago 5,13101,Ahumada Nº 3,,,,,
2,47,47 Santiago 6,noche,3,08:00,22:00,f_cv047@farmacruzverde.cl,(2),2688 8607,, ,12577,2016-02-15,2,Multifuncional,RM,Santiago 6,13101,Ahumada Nº 2,,,,,
2,49,49 Providencia 3,noche,3,08:30,21:00,f_cv049@farmacruzverde.cl,(2),2233 1363,(2),2335 9128,11057,2016-02-15,2,Multifuncional,RM,Providencia 3,13123,Barcelona Nº 2095,,,,,
2,50,50 Maipú 1,noche,3,10:00,21:30,f_cv050@farmacruzverde.cl,(2),2744 8125,, ,36400,2016-02-15,1,Autoservicio,RM,Maipú 1,13119,"Avenida Américo Vespucio Nº 399, Local 523 y 524, (Mall Arauco Maipú)",,,,,
2,51,51 Puente Alto 1,noche,3,09:00,22:00,f_cv051@farmacruzverde.cl,(2),2872 8616,(2),2872 8615,19300,2016-02-15,1,Autoservicio,RM,Puente Alto 1,13201,"Concha y Toro Nº 1086, 1088 y 1090, Local 26, 27 y 28 (Strip Center)",,,,,
2,52,52 Puente Alto 2,noche,3,08:00,22:00,f_cv052@farmacruzverde.cl,(2),2850 4068,(2),2850 8506,35192,2016-02-15,1,Autoservicio,RM,Puente Alto 2,13201,Concha y Toro Nº 398,,,,,
2,53,53 Maipú 2,noche,3,09:00,22:00,f_cv053@farmacruzverde.cl,(2),2532 0364,(2),2532 7877,26972,2016-02-15,1,Autoservicio,RM,Maipú 2,13119,Avenida Pajaritos Nº 1920,,,,,
2,54,54 Santiago 7,noche,3,08:30,21:30,f_cv54@farmacruzverde.cl,(2),2699 2577,(2),2696 4665,16895,2016-02-15,2,Multifuncional,RM,Santiago 7,13101,Puente Nº 598,,,,,
2,55,55 Estación Central 2,noche,3,10:30,20:00,f_cv055@farmacruzverde.cl,(2),2682 1904,(2),2682 1920,12395,2016-02-15,2,Multifuncional,RM,Estación Central 2,13106,Avenida Bernardo O' Higgins Nº 3299.,,,,,
2,57,57 Santiago 8,noche,3,08:45,20:30,f_cv057@farmacruzverde.cl,(2),2688 5127,, ,16757,2016-02-15,2,Multifuncional,RM,Santiago 8,13101,"Avenida Bulnes Nº 216, Local 1 y 2",,,,,
2,62,62 San Bernardo 2,noche,3,08:00,23:30,f_cv062@farmacruzverde.cl,(2),2856 2012,(2),2856 2947,37435,2016-02-15,1,Autoservicio,RM,San Bernardo 2,13401,Arturo Prat Nº 599,,,,,
2,63,63 Ñuñoa 2,noche,3,09:00,21:00,f_cv063@farmacruzverde.cl,(2),2343 1977,(2),2269 5331,11958,2016-02-15,2,Multifuncional,RM,Ñuñoa 2,13120,"Irarrazaval Nº 2768, Esquina Lyon",,,,,
2,65,65 Melipilla 1,noche,3,09:00,21:00,f_cv065@farmacruzverde.cl,(2),2831 7191,(2),2831 7193,10960,2016-02-15,2,Multifuncional,RM,Melipilla 1,13501,Ortúzar Nº 602,,,,,
2,66,66 Santiago 9,noche,3,08:00,21:30,f_cv066@farmacruzverde.cl,(2),2665 9945,(2),2665 9943,12225,2016-02-15,2,Multifuncional,RM,Santiago 9,13101,Vicuña Mackenna Nº 699,,,,,
2,67,67 Las Condes 1,noche,3,08:30,21:30,f_cv067@farmacruzverde.cl,(2),2224 8041,(2),2224 8041,24105,2016-02-15,2,Multifuncional,RM,Las Condes 1,13114,Apoquindo Nº 6005,,,,,
2,68,68 La Florida 1,noche,3,08:30,22:00,f_cv068@farmacruzverde.cl,(2),2293 4147,(2),2293 4187,9704,2016-02-15,2,Multifuncional,RM,La Florida 1,13110,Zerafín Zamora Nº 57-63,,,,,
2,70,70 Las Condes 2,noche,3,09:00,18:00,f_cv070@farmacruzverde.cl,(2),2342 8159,(2),2342 6296,20301,2016-02-15,3,Multifuncional c/góndolas,RM,Las Condes 2,13114,Manquehue Nº 911,,,,,
2,71,71 Providencia 4,noche,3,08:30,22:30,f_cv071@farmacruzverde.cl,(2),2335 5621,, ,23173,2016-02-15,3,Multifuncional c/góndolas,RM,Providencia 4,13123,Providencia Nº 2208,,,,,
2,72,72 Santiago 10,noche,3,08:00,22:00,f_cv072@farmacruzverde.cl,(2),2634 3097,(2),2634 4134,23653,2016-02-15,3,Multifuncional c/góndolas,RM,Santiago 10,13101,"Avenida Libertador Bernardo O' Higgins Nº 658, Local 8",,,,,
2,73,73 Santiago 11,noche,3,08:30,22:00,f_cv073@farmacruzverde.cl,(2),2672 9811,(2),2672 9811,28533,2016-02-15,1,Autoservicio,RM,Santiago 11,13101,Estado Nº 397,,,,,
2,74,74 Ñuñoa 3,noche,3,08:30,22:00,f_cv074@farmacruzverde.cl,(2),2344 4366,(2),2343 0670,22876,2016-02-15,1,Autoservicio,RM,Ñuñoa 3,13120,"Irarrazaval Nº 2520, Esquina Pedro de Valdivia",,,,,
2,77,77 Pudahuel 1,noche,3,06:30,22:00,f_cv077@farmacruzverde.cl,(2),2690 1088,(2),2690 1087,26559,2016-02-15,3,Multifuncional c/góndolas,RM,Pudahuel 1,13124,"Aeropuerto C.A.M. Benitez. Rotonda Nacional, Local C-63",,,,,
2,78,78 Providencia 5,noche,3,08:00,21:00,f_cv078@farmacruzverde.cl,(2),2269 6322,, ,17740,2016-02-15,3,Multifuncional c/góndolas,RM,Providencia 5,13123,Salvador Nº 42,,,,,
2,79,79 Vitacura 2,noche,3,08:30,23:00,f_cv079@farmacruzverde.cl,(2),2207 0381,(2),2207 2048,22791,2016-02-15,3,Multifuncional c/góndolas,RM,Vitacura 2,13132,Vitacura Nº 4175,,,,,
2,80,80 Santiago 12,noche,3,08:00,22:00,f_cv080@farmacruzverde.cl,(2),2425 9379,(2),2425 9378,30722,2016-02-15,1,Autoservicio,RM,Santiago 12,13101,"Avenida Libertador Bernardo O' Higgins Nº 1461, Local 2 Downtown",,,,,
2,81,81 Rancagua 1,noche,3,08:30,21:30,f_cv081@farmacruzverde.cl,(72),2 22 2180,(72),2 22 6304,17374,2016-02-15,2,Multifuncional,VI,Rancagua 1,6101,Brasil Nº 801,,,,,
2,82,82 Rancagua 2,noche,3,08:30,21:00,f_cv082@farmacruzverde.cl,(72),2 22 8311,(72),2 22 0169,47089,2016-02-15,1,Autoservicio,VI,Rancagua 2,6101,Independencia Nº 602,,,,,
2,83,83 Rancagua 3,noche,3,08:30,21:00,f_cv083@farmacruzverde.cl,(72),2 22 4640,(72),2 24 2203,19001,2016-02-15,2,Multifuncional,VI,Rancagua 3,6101,"Dr. Salinas Nº 1165, Local 1 y 5",,,,,
2,84,84 Rancagua 4,noche,3,09:00,22:00,f_cv084@farmacruzverde.cl,(72),2 25 2587,(72),2 25 2587,21458,2016-02-15,3,Multifuncional c/góndolas,VI,Rancagua 4,6101,"Avenida Recreo Nº 620, Local 7, 8 y 9 (Líder)",,,,,
2,85,85 Curicó 1,noche,3,10:00,21:00,f_cv085@farmacruzverde.cl,,,(2),(2694 4000) 5085,25182,2016-02-15,3,Multifuncional c/góndolas,VII,Curicó 1,7301,"Montt Nº 455, Local 109, Mall Valle",,,,,
2,87,87 Rancagua 5,noche,3,08:30,22:00,f_cv087@farmacruzverde.cl,(72),2 21 8782,(72),2 21 8942,35703,2016-02-15,3,Multifuncional c/góndolas,VI,Rancagua 5,6101,"Carretera El Cobre Presidente Frei Nº 750, Local 1030 (Jumbo)",,,,,
2,88,88 Rancagua 6,noche,3,09:30,22:30,f_cv088@farmacruzverde.cl,(72),2 21 1851,(72),2 21 6602,24486,2016-02-15,1,Autoservicio,VI,Rancagua 6,6101,"Miguel Ramírez Nº 1550, Local 3. Camino Machali (Unimarc)",,,,,
2,89,89 Rancagua 7,noche,3,08:00,21:30,f_cv89@farmacruzverde.cl,(72),2 22 6319,(72),2 22 6353,32895,2016-02-15,3,Multifuncional c/góndolas,VI,Rancagua 7,6101,"Avenida Bernardo O' Higgins Nº 604, Local 1",,,,,
2,90,90 Rengo 1,noche,3,09:00,21:30,f_cv090@farmacruzverde.cl,(72),2 51 4306,(72),2 51 4298,34046,2016-02-15,1,Autoservicio,VI,Rengo 1,6115,Arturo Prat Nº 140,,,,,
2,91,91 Curicó 2,noche,3,08:30,22:30,f_cv91@farmacruzverde.cl,(75),2 32 3992,(75),2 23 2993,68252,2016-02-15,1,Autoservicio,VII,Curicó 2,7301,Arturo Prat Nº 499,,,,,
2,92,92 Talca 2,noche,3,08:30,22:00,f_cv092@farmacruzverde.cl,(71),2 21 2565,(71),2 21 3118,29040,2016-02-15,1,Autoservicio,VII,Talca 2,7101,1 Sur Nº 1196,,,,,
2,93,93 Curicó 3,noche,3,08:30,22:30,f_cv093@farmacruzverde.cl,(75),2 31 7792,(75),2 32 8838,24858,2016-02-15,3,Multifuncional c/góndolas,VII,Curicó 3,7301,Carmen Nº1190. L 105 (Centro Comercial Puerta Norte),,,,,
2,94,94 Curicó 4,noche,3,08:30,21:30,f_cv094@farmacruzverde.cl,(75),2 32 9783,,,29010,2016-02-15,1,Autoservicio,VII,Curicó 4,7301,Peña Nº 898,,,,,
2,95,95 Linares 1,noche,3,08:30,22:30,f_cv095@farmacruzverde.cl,(73),2 21 9938,,,41948,2016-02-15,1,Autoservicio,VII,Linares 1,7401,Independencia Nº 543,,,,,
2,98,98 San Fernando 1,noche,3,09:00,22:00,f_cv98@farmacruzverde.cl,(72),2 71 2867,(72),2 71 2931,23740,2016-02-15,3,Multifuncional c/góndolas,VI,San Fernando 1,6301,Avenida Manuel Rodríguez Nº 934,,,,,
2,99,99 Linares 2,dia,2,09:30,21:30,f_cv99@farmacruzverde.cl,(73),2 22 1196,(73),2 22 0160,14989,2016-02-15,2,Multifuncional,VII,Linares 2,7401,"Januario Espinoza Nº 1183, Local 1070 (Santa Isabel)",,,,,
2,102,102 Talcahuano 1,noche,3,09:00,21:00,f_cv102@farmacruzverde.cl,(41),2 54 9607,(41),2 54 7836,25431,2016-02-15,3,Multifuncional c/góndolas,VIII,Talcahuano 1,8110,Avenida Cristobal Colón Nº 300,,,,,
2,103,103 Concepción 1,noche,3,09:00,21:30,f_cv103@farmacruzverde.cl,(41),2 22 0664,,,17093,2016-02-15,2,Multifuncional,VIII,Concepción 1,8101,Barros Arana Nº 782,,,,,
2,105,105 Concepción 2,noche,3,08:30,21:00,f_cv105@farmacruzverde.cl,(41),2 22 3675,(41),2 24 2543,18332,2016-02-15,2,Multifuncional,VIII,Concepción 2,8101,Rengo Nº 601,,,,,
2,107,107 Concepción 3,noche,3,08:30,22:30,f_cv107@farmacruzverde.cl,(41),2 25 2781,,,31442,2016-02-15,1,Autoservicio,VIII,Concepción 3,8101,Barros Arana Nº 599,,,,,
2,108,108 Concepción 4,noche,3,08:30,22:00,f_cv108@farmacruzverde.cl,(41),2 22 9668,,,46726,2016-02-15,1,Autoservicio,VIII,Concepción 4,8101,Barros Arana Nº 854,,,,,
2,109,109 Talcahuano 2,noche,3,10:30,21:30,f_cv109@farmacruzverde.cl,(41),2 90 6726,,,21846,2016-02-15,1,Autoservicio,VIII,Talcahuano 2,8110,"Avenida Jorge Alesandri Nº 3177, Local BS 136, 140, 144 y 148 (Mall El Trebol)",,,,,
2,110,110 Concepción 5,noche,3,08:30,21:30,f_cv110@farmacruzverde.cl,(41),2 52 1619,(41),2 52 1620,19619,2016-02-15,2,Multifuncional,VIII,Concepción 5,8101,O' Higgins Nº 801,,,,,
2,111,111 Ñuñoa 4,noche,3,09:00,22:00,f_cv111@farmacruzverde.cl,(2),2205 3282,, ,20179,2016-02-15,3,Multifuncional c/góndolas,RM,Ñuñoa 4,13120,Avenida Holanda Nº 2954,,,,,
2,114,114 Temuco 1,noche,3,08:00,23:30,f_cv114@farmacruzverde.cl,(45),2 27 2514,(45),2 27 2497,41774,2016-02-15,3,Multifuncional c/góndolas,IX,Temuco 1,9101,"Manuel Montt Nº 902, Esquina Búlnes",,,,,
2,116,116 Temuco 2,noche,3,08:30,21:00,f_cv116@farmacruzverde.cl,(45),2 21 7861,(45),2 21 7860,30669,2016-02-15,1,Autoservicio,IX,Temuco 2,9101,Avenida Bulnes Nº 298,,,,,
2,119,119 Ñuñoa 5,noche,3,,,f_cv119@farmacruzverde.cl,,,,,18640,2016-02-13,3,Multifuncional c/góndolas,RM,Ñuñoa 5,13120,"Avenida Salvador Nº 1822, Local 1",,,,,
2,121,121 Los Ángeles 1,noche,3,08:30,21:30,f_cv121@farmacruzverde.cl,(43),2 2857 8169,(43),2 31 9598,28507,2016-02-15,2,Multifuncional,VIII,Los Ángeles 1,8301,Colón Nº 491,,,,,
2,122,122 Los Ángeles 2,noche,3,08:30,21:00,f_cv122@farmacruzverde.cl,(43),2 31 2449,,,15269,2016-02-15,2,Multifuncional,VIII,Los Ángeles 2,8301,"Colón Nº 341, Local 1",,,,,
2,123,123 Los Ángeles 3,noche,3,08:30,22:30,f_cv123@farmacruzverde.cl,(43),2 32 2365,(43),2 32 2491,45054,2016-02-15,1,Autoservicio,VIII,Los Ángeles 3,8301,Colón Nº 411,,,,,
2,124,124 Los Ángeles 4,dia,2,08:30,21:30,f_cv124@farmacruzverde.cl,(43),2 32 2362,,,28806,2016-02-15,1,Autoservicio,VIII,Los Ángeles 4,8301,"Avenida Alemania Nº 686, Local 2 y 3 (Santa Isabel)",,,,,
2,125,125 Los Ángeles 5,noche,3,10:00,21:30,f_cv125@farmacruzverde.cl,(43),2 32 5803,(43),2 32 5565,30106,2016-02-15,3,Multifuncional c/góndolas,VIII,Los Ángeles 5,8301,"Valdivia Nº 440, Local 131 (Mall Plaza Los Ángeles)",,,,,
2,126,126 San Pedro de la Paz 1,noche,3,09:30,21:30,f_cv126@farmacruzverde.cl,(41),2 28 1065,,,22619,2016-02-15,1,Autoservicio,VIII,San Pedro de la Paz 1,8108,"Camino el Venado Nº 1360 Local 5, 6 y 7. Patio Andalue",,,,,
2,127,127 Los Ángeles 6,noche,3,09:30,22:00,f_cv127@farmacruzverde.cl,(43),2 36 9643,(43),2 36 2134,12882,2016-02-15,2,Multifuncional,VIII,Los Ángeles 6,8301,Avenida Marconi Nº 1196 (Supermercado Tucapel),,,,,
2,128,128 Laja,noche,3,09:00,22:00,f_cv128@farmacruzverde.cl,(43),2 46 2407,,,22919,2016-02-15,3,Multifuncional c/góndolas,VIII,Laja,8304,Balmaceda Nº 215,,,,,
2,129,129 Puente Alto 3,noche,3,09:00,22:00,f_cv129@farmacruzverde.cl,(2),2759 0382,,,22185,2016-02-15,3,Multifuncional c/góndolas,RM,Puente Alto 3,13201,"Avenida Concha y Toro Nº 3955, Local 7, 8 y 9",,,,,
2,130,130 Osorno 1,dia,2,09:00,21:30,f_cv130@farmacruzverde.cl,(64),2 31 3935,,,9209,2016-02-15,2,Multifuncional,X,Osorno 1,10301,"Victoria Nº 380, Local 4 y 5.",,,,,
2,132,132 Osorno 2,noche,3,09:00,21:00,f_cv132@farmacruzverde.cl,(64),2 31 7906,,,21397,2016-02-15,3,Multifuncional c/góndolas,X,Osorno 2,10301,Eleuterio Ramírez Nº 903,,,,,
2,134,134 Osorno 3,noche,3,08:30,22:00,f_cv134@farmacruzverde.cl,(64),2 24 9220,,,24977,2016-02-15,3,Multifuncional c/góndolas,X,Osorno 3,10301,Eleuterio Ramírez Nº 884,,,,,
2,135,135 Osorno 4,dia,2,09:00,21:30,f_cv135@farmacruzverde.cl,(64),2 31 7527,(64),2 31 4941,14840,2016-02-15,2,Multifuncional,X,Osorno 4,10301,"Julio Bushmann Nº 2223,  Local R 178 (Supermercado Bigger)",,,,,
2,136,136 La Unión,noche,3,08:30,22:00,f_cv136@farmacruzverde.cl,(64),2 32 3480,,,20615,2016-02-15,3,Multifuncional c/góndolas,XIV,La Unión,14201,"Esmeralda Nº 700, Local 5",,,,,
2,138,138 Osorno 5,noche,3,08:30,23:00,f_cv138@farmacruzverde.cl,(64),2 31 1618,(64),2 31 1742,24765,2016-02-15,1,Autoservicio,X,Osorno 5,10301,Eleuterio Ramírez Nº 1000,,,,,
2,139,139 Osorno 6,noche,3,09:00,22:00,f_cv139@farmacruzverde.cl,(64),2 31 6621,(64),2 31 6623,12095,2016-02-15,2,Multifuncional,X,Osorno 6,10301,Zenteno Nº 1518 (Clínica Alemana),,,,,
2,140,140 Rio Bueno,noche,3,09:00,21:00,f_cv140@farmacruzverde.cl,(64),2 34 0379,(64),2 40 397,22631,2016-02-15,3,Multifuncional c/góndolas,XIV,Rio Bueno,14204,Comercio Nº 585,,,,,
2,141,141 Valdivia 1,noche,3,08:30,24:00,f_cv141@farmacruzverde.cl,(63),2 25 4705,(63),2 22 5088,40438,2016-02-15,1,Autoservicio,XIV,Valdivia 1,14101,"Picarte Nº 404, Esquina Caupolicán",,,,,
2,144,144 Valdivia 2,noche,3,10:00,21:00,f_cv144@farmacruzverde.cl,(63),2 25 1462,(63),2 25 2956,26363,2016-02-15,3,Multifuncional c/góndolas,XIV,Valdivia 2,14101,"Arauco Nº 561, Local 144. (Mall Plaza de los Ríos)",,,,,
2,147,147 Valdivia 3,noche,3,09:00,21:00,f_cv147@farmacruzverde.cl,(63),2 25 9033,,,30548,2016-02-15,3,Multifuncional c/góndolas,XIV,Valdivia 3,14101,Avenida Picarte Nº 334,,,,,
2,148,148 Futrono,noche,3,09:30,21:00,f_cv148@farmacruzverde.cl,(63),2 48 2895,,,17554,2016-02-15,2,Multifuncional,XIV,Futrono,14202,Balmaceda Nº 241 (Lago Ranco),,,,,
2,150,150 Panguipulli,noche,3,09:00,21:00,f_cv150@farmacruzverde.cl,(63),2 53 0440,(63),2 53 0441,31544,2016-02-15,1,Autoservicio,XIV,Panguipulli,14108,Avenida Martínez de Rosas Nº 690,,,,,
2,151,151 Puerto Montt 1,noche,3,08:30,21:00,f_cv151@farmacruzverde.cl,(65),2 31 2098,(65),2 31 2087,30170,2016-02-15,3,Multifuncional c/góndolas,X,Puerto Montt 1,10101,Antonio Varas Nº 665,,,,,
2,152,152 Puerto Montt 2,noche,3,09:00,21:00,f_cv152@farmacruzverde.cl,(65),2 31 2012,(65),2 31 2011,18928,2016-02-15,2,Multifuncional,X,Puerto Montt 2,10101,"Antonio Varas Nº 952, Esquina Valdivia",,,,,
2,153,153 Puerto Montt 3,noche,3,09:00,21:00,f_cv153@farmacruzverde.cl,(65),2 34 4766,(65),2 34 4765,22519,2016-02-15,3,Multifuncional c/góndolas,X,Puerto Montt 3,10101,Antonio Varas Nº 555,,,,,
2,154,154 Puerto Montt 4,noche,3,08:30,23:00,f_cv154@farmacruzverde.cl,(65),2 31 9395,(65),2 31 9483,35534,2016-02-15,1,Autoservicio,X,Puerto Montt 4,10101,Antonio Varas Nº 598,,,,,
2,155,155 Puerto Montt 5,dia,2,08:30,22:00,f_cv155@farmacruzverde.cl,(65),2 31 0219,,,23026,2016-02-15,2,Multifuncional,X,Puerto Montt 5,10101,"Avenida Ejercito Nº 470, Local 1021 (Jumbo)",,,,,
2,156,156 Puerto Montt 6,noche,3,09:00,21:30,f_cv156@farmacruzverde.cl,(65),2 35 1537,(65),2 35 1538,20068,2016-02-15,1,Autoservicio,X,Puerto Montt 6,10101,"Avenida Presidente Ibañez Nº 173, Local 1 (Strip Center)",,,,,
2,157,157 Castro 1,noche,3,08:30,23:00,f_cv157@farmacruzverde.cl,(65),2 53 1618,(65),2 53 3444,39406,2016-02-15,1,Autoservicio,X,Castro 1,10201,San Martín Nº 407,,,,,
2,158,158 Castro 2,noche,3,08:30,22:30,f_cv158@farmacruzverde.cl,(65),2 35 1543,(65),2 35 1544,29736,2016-02-15,1,Autoservicio,X,Castro 2,10201,San Martín Nº 309,,,,,
2,159,159 Puerto Montt 7,noche,3,09:00,21:30,f_cv159@farmacruzverde.cl,(65),2 48 1644,(65),2 48 1645,23317,2016-02-15,1,Autoservicio,X,Puerto Montt 7,10101,"Avenida 4ª Terraza, Esquina Michimavida (Strip Center)",,,,,
2,160,160 Quintero,noche,3,09:00,21:00,f_cv160@farmacruzverde.cl,(32),2 93 1269,,,27155,2016-02-15,3,Multifuncional c/góndolas,V,Quintero,5107,Cabo Ortiz Nº 189,,,,,
2,162,162 Chillán 1,noche,3,08:30,22:00,f_cv162@farmacruzverde.cl,(42),2 21 0150,,,31492,2016-02-15,1,Autoservicio,VIII,Chillán 1,8401,5 de Abril Nº 731,,,,,
2,163,163 Chillán 2,noche,3,10:00,21:00,f_cv163@farmacruzverde.cl,(42),2 24 4822,(42),2 24 8595,17727,2016-02-15,3,Multifuncional c/góndolas,VIII,Chillán 2,8401,"El Roble Nº 700, Local 101 (Mall Roble)",,,,,
2,164,164 Chillán 3,noche,3,09:00,22:00,f_cv164@farmacruzverde.cl,(42),2 27 3378,(42),2 27 0750,18060,2016-02-15,1,Autoservicio,VIII,Chillán 3,8401,"Carretera Longitudinal Nº 134, Local 1013 (Jumbo)",,,,,
2,165,165 Chillán 4,noche,3,08:30,22:00,f_cv165@farmacruzverde.cl,(42),2 22 8423,(42),2 22 8408,54311,2016-02-15,1,Autoservicio,VIII,Chillán 4,8401,Avenida 5 de Abril Nº 701,,,,,
2,168,168 Vitacura 3,noche,3,09:00,22:00,f_cv168@farmacruzverde.cl,(2),2212 8865,(2),2212 8865,16741,2016-02-15,3,Multifuncional c/góndolas,RM,Vitacura 3,13132,"Avenida Costanera Sur, Monseñor Escriva de Balaguer Nº 9499, Local 6.",,,,,
2,169,169 Temuco 3,noche,3,09:00,21:30,f_cv169@farmacruzverde.cl,(45),2 27 0031,(45),2 27 0031,27698,2016-02-15,1,Autoservicio,IX,Temuco 3,9101,Arturo Prat Nº 530,,,,,
2,170,170 Santa Cruz 1,noche,3,08:30,22:00,f_cv170@farmacruzverde.cl,(72),2 82 4420,(72),2 82 4436,21862,2016-02-15,3,Multifuncional c/góndolas,VI,Santa Cruz 1,6310,Plaza de Armas Nº 98,,,,,
2,171,171 Rancagua 8,noche,3,09:00,22:00,f_cv171@farmacruzverde.cl,(72),2 21 6146,,,25690,2016-02-15,3,Multifuncional c/góndolas,VI,Rancagua 8,6101,"Avenida Nueva Einstein Nº 287, Local 116 (Mall Plaza América)",,,,,
2,172,172 San Fernando 2,noche,3,08:30,22:00,f_cv172@farmacruzverde.cl,(72),2 71 2927,,,26717,2016-02-15,1,Autoservicio,VI,San Fernando 2,6301,Avenida Manuel Rodríguez Nº 787,,,,,
2,175,175 San Vicente,noche,3,09:00,21:00,f_cv175@farmacruzverde.cl,(72),2 57 1873,,,23664,2016-02-15,1,Autoservicio,VI,San Vicente Tagua Tagua,6117,Germán Riesco Nº 1001,,,,,
2,177,177 Curicó 5,noche,3,10:30,21:00,f_cv177@farmacruzverde.cl,(75),2 54 3155,,,16054,2016-02-15,1,Autoservicio,VII,Curicó 5,7301,"Avenida Bernardo O' Higgins Nº 201, Local 40 (Mall Center)",,,,,
2,179,179 Talca 3,noche,3,09:00,22:00,f_cv179@farmacruzverde.cl,(71),2 23 0989,(71),2 22 3717,27047,2016-02-15,1,Autoservicio,VII,Talca 3,7101,1 Norte Nº 1518,,,,,
2,180,180 Coyhaique 1,noche,3,08:30,22:30,f_cv180@farmacruzverde.cl,(67),2 25 4362,(67),2 25 4361,42495,2016-02-15,1,Autoservicio,XI,Coyhaique 1,11101,Arturo Prat Nº 307,,,,,
2,181,181 Aysén 1,noche,3,09:00,22:00,f_cv181@farmacruzverde.cl,(67),2 33 2543,(67),2 33 2570,33929,2016-02-15,1,Autoservicio,XI,Aysén 1,11201,Sargento Aldea Nº 743,,,,,
2,184,184 Limache 1,noche,3,09:00,21:30,f_cv184@farmacruzverde.cl,(33),2 41 4551,,,25673,2016-02-15,3,Multifuncional c/góndolas,V,Limache 1,5802,Urmeneta Nº 96,,,,,
2,185,185 El Bosque,dia,2,09:10,22:00,f_cv185@farmacruzverde.cl,(2),2230 1885,,,25866,2016-02-15,3,Multifuncional c/góndolas,RM,El Bosque,13105,"Gran Avenida Nº 10375, Local 40. (Tottus)",,,,,
2,186,186 Coyhaique 2,noche,3,08:30,22:00,f_cv186@farmacruzverde.cl,(67),2 25 8386,,,38488,2016-02-15,1,Autoservicio,XI,Coyhaique 2,11101,Arturo Prat Nº 387,,,,,
2,187,187 El Belloto 1,dia,2,08:30,22:30,f_cv187@farmacruzverde.cl,(32),2 98 4011,,,20504,2016-02-15,1,Autoservicio,V,El Belloto / Quilpué,5801,"Ramón Freire Nº 2414, Local 1028, (interior Jumbo El Belloto)(Sector el Belloto)",El Belloto es un sector de Quilpue,,,,
2,188,188 Providencia 6,noche,3,08:00,24:00,f_cv188@farmacruzverde.cl,(2),2735 7715,(2),2735 5669,26679,2016-02-15,2,Multifuncional,RM,Providencia 6,13123,"Avenida Bellavista Nº  0415, (Clínica Santa María), Nueva Torre Consultas Médicas y Urgencia",,,,,
2,189,189 Concepción 6,noche,3,09:00,22:00,f_cv189@farmacruzverde.cl,(41),2 25 2460,,,28924,2016-02-15,1,Autoservicio,VIII,Concepción 6,8101,Roosevelt Nº 1702,,,,,
2,191,191 Punta Arenas 1,noche,3,09:00,20:30,f_cv191@farmacruzverde.cl,(61),2 22 8724,,,25276,2016-02-15,2,Multifuncional,XII,Punta Arenas 1,12101,José Nogueira Nº 1120,,,,,
2,192,192 Primavera,noche,3,08:00,19:00,f_cv192@farmacruzverde.cl,(61),2 29 6863,,,5487,2016-02-15,2,Multifuncional,XII,Primavera,12302,Eduardo Simian s/n (Centro Médico),,,,,
2,193,193 Punta Arenas 2,noche,3,08:30,22:00,f_cv193@farmacruzverde.cl,(61),2 24 7976,(61),2 24 7892,40406,2016-02-15,1,Autoservicio,XII,Punta Arenas 2,12101,Bories Nº 701,,,,,
2,195,195 Punta Arenas 3,noche,3,09:30,21:30,f_cv195@farmacruzverde.cl,(61),2 21 3415,,,34021,2016-02-15,3,Multifuncional c/góndolas,XII,Punta Arenas 3,12101,"Avenida Presidente Eduardo Frei Montalva Nº 01110, Local 204 (Mall)",,,,,
2,197,197 Pto.Natales,noche,3,09:00,21:30,f_cv197@farmacruzverde.cl,(61),2 41 4840,,,43196,2016-02-15,3,Multifuncional c/góndolas,XII,Natales / Puerto Natales,12401,"Baquedano Nº 331, Puerto Natales",,,,,
2,198,198 Vicuña 1,noche,3,09:00,22:00,f_cv198@farmacruzverde.cl,(51),2 41 2083,,,26481,2016-02-15,3,Multifuncional c/góndolas,IV,Vicuña 1,4106,"Chacabuco Nº 302, Local 1",,,,,
2,199,199 Vicuña 2,noche,3,09:30,21:30,f_cv199@farmacruzverde.cl,(51),2 41 2549,,,13805,2016-02-15,2,Multifuncional,IV,Vicuña 2,4106,Prat Nº 182,,,,,
2,200,200 Arica 1,noche,3,08:30,23:00,f_cv200@farmacruzverde.cl,(58),2 23 2396,,,46188,2016-02-15,1,Autoservicio,XV,Arica 1,15101,21 de Mayo Nº 299,,,,,
2,201,201 Arica 2,noche,3,09:00,22:30,f_cv201@farmacruzverde.cl,(58),2 23 3504,,,32905,2016-02-15,1,Autoservicio,XV,Arica 2,15101,21 de Mayo Nº 399,,,,,
2,203,203 La Florida 2,dia,2,08:45,22:00,f_cv203@farmacruzverde.cl,(2),2755 4985,,,12400,2016-02-15,2,Multifuncional,RM,La Florida 2,13110,"Vicuña Mackenna Nº 6100, Local 134 (Jumbo)",,,,,
2,204,204 El Belloto 2,noche,3,09:00,22:30,f_cv204@farmacruzverde.cl,(32),2 94 3523,,,22859,2016-02-15,1,Autoservicio,V,El Belloto / Quilpué,5801,Paseo Peatonal Freire Nº 471 (Sector el Belloto),El Belloto es un sector de Quilpue,,,,
2,205,205 Antofagasta 2,noche,3,09:00,23:30,f_cv205@farmacruzverde.cl,(55),2 48 8620,(2),(2694 4000) 5205,25437,2016-02-15,3,Multifuncional c/góndolas,II,Antofagasta 2,2101,"Avenida Grecia Nº 430, Esquina Ejercito (Serv. Esso)",,,,,
2,206,206 Calama 1,noche,3,08:30,22:30,f_cv206@farmacruzverde.cl,(55),2 36 3079,,,31597,2016-02-15,1,Autoservicio,II,Calama 1,2201,"Almirante Latorre Nº 1997-1999, Esquina Rafael Vargas",,,,,
2,208,208 Calama 2,noche,3,09:00,23:00,f_cv208@farmacruzverde.cl,(55),2 33 9770,,,25929,2016-02-15,1,Autoservicio,II,Calama 2,2201,"Avenida Miguel Grau Nº 1060, Local B (Serv. Esso)",,,,,
2,209,209 Antofagasta 3,noche,3,09:00,22:00,f_cv209@farmacruzverde.cl,(55),2 49 5908,,,0,2016-02-15,2,Multifuncional,II,Antofagasta 3,2101,"Cardenal Carlos Oviedo Cavada Nº 5319, Local 8 (Korlaet)",,,,,
2,210,210 Iquique 1,noche,3,09:00,22:00,f_cv210@farmacruzverde.cl,(57),2 43 9694,,,40425,2016-02-15,1,Autoservicio,I,Iquique 1,1101,"Avenida Héroes de la Concepción s/n, Local 158-160 (Mall Las Américas)",,,,,
2,211,211 Iquique 2,noche,3,08:30,23:00,f_cv211@farmacruzverde.cl,(57),2 24 8719,,,36161,2016-02-15,1,Autoservicio,I,Iquique 2,1101,"Avenida Héroes de la Concepción Nº 2855, Local 1, 2 y 3 (Jumbo)",,,,,
2,214,214 Iquique 3,noche,3,08:30,22:30,fcv_215@farmacruzverde.cl,(57),2 42 5641,,,43523,2016-02-15,1,Autoservicio,I,Iquique 3,1101,Tarapacá Nº 496,,,,,
2,215,215 Iquique 4,noche,3,09:00,24:00,f_cv214@farmacruzverde.cl,(57),2 42 8691,,,32733,2016-02-15,1,Autoservicio,I,Iquique 4,1101,Vivar Nº 685,,,,,
2,216,216 Iquique 5,noche,3,08:30,22:30,f_cv216@farmacruzverde.cl,(57),2 41 6442,,,18574,2016-02-15,3,Multifuncional c/góndolas,I,Iquique 5,1101,"Arturo Prat Nº 1170, Local 1(Clínica Iquique)",,,,,
2,217,217 Iquique 6,noche,3,08:00,23:00,f_cv217@farmacruzverde.cl,(57),2 42 2908,,,35168,2016-02-15,1,Autoservicio,I,Iquique 6,1101,Vivar Nº 706 - 710,,,,,
2,218,218 Estación Central 3,noche,3,09:00,21:00,f_cv218@farmacruzverde.cl,(2),2898 7912,,,12187,2016-02-15,2,Multifuncional,RM,Estación Central 3,13106,"Avenida Libertador Bernardo O' Higgins Nº 3470, Local 104 - 106 E, (Mall Plaza Alameda)",,,,,
2,219,219 Tocopilla,noche,3,09:00,22:30,f_cv219@farmacruzverde.cl,(55),2 81 5523,(2),(2694 4000) 5219,40289,2016-02-15,3,Multifuncional c/góndolas,II,Tocopilla,2301,21 de Mayo Nº 1687,,,,,
2,220,220 Antofagasta 4,noche,3,08:00,23:00,f_cv220@farmacruzverde.cl,(55),2 22 0654,(2),(2694 4000) 5220,51438,2016-02-15,1,Autoservicio,II,Antofagasta 4,2101,Arturo Prat Nº 543,,,,,
2,221,221 Antofagasta 5,dia,2,10:30,20:30,f_cv221@farmacruzverde.cl,(55),2 47 6330,,,24924,2016-02-15,3,Multifuncional c/góndolas,II,Antofagasta 5,2101,Pedro Aguirre Cerda Nº 8700 (Korlaet),,,,,
2,222,222 Antofagasta 6,noche,3,09:00,22:00,f_cv222@farmacruzverde.cl,(55),2 49 3164,,,31526,2016-02-15,1,Autoservicio,II,Antofagasta 6,2101,Arturo Prat Nº 640,,,,,
2,223,223 Antofagasta 7,noche,3,08:30,24:00,f_cv223@farmacruzverde.cl,(55),2 22 0400,(2),(2694 4000) 5223,37457,2016-02-15,1,Autoservicio,II,Antofagasta 7,2101,Manuel Antonio Matta Nº 2490,,,,,
2,224,224 Antofagasta 8,noche,3,08:30,22:30,f_cv224@farmacruzverde.cl,(55),2 49 0708,,,20767,2016-02-15,2,Multifuncional,II,Antofagasta 8,2101,José Santos Ossa Nº 2332 (Korlaet),,,,,
2,225,225 Antofagasta 9,dia,2,08:30,22:00,f_cv225@farmacruzverde.cl,(55),2 23 6072,(2),(2694 4000) 5225,38666,2016-02-15,1,Autoservicio,II,Antofagasta 9,2101,"Pedro Aguirre Cerda Nº 9400, Local 17 (Supermercado Infante)",,,,,
2,226,226 Antofagasta 10,dia,2,09:00,22:00,f_cv226@farmacruzverde.cl,(55),2 26 8416,,,13983,2016-02-15,2,Multifuncional,II,Antofagasta 10,2101,14 de Febrero Nº 2465 (Supermerdaco Infante),,,,,
2,227,227 Calama 3,noche,3,08:30,23:30,f_cv227@farmacruzverde.cl,(55),2 34 3906,,,31082,2016-02-15,1,Autoservicio,II,Calama 3,2201,Sotomayor Nº 1898,,,,,
2,228,228 Calama 4,noche,3,09:00,22:30,f_cv228@farmacruzverde.cl,(55),2 31 9790,,,32232,2016-02-15,1,Autoservicio,II,Calama 4,2201,"Avenida Balmaceda Nº 3245, Local 145 (Mall Plaza Calama)",,,,,
2,229,229 Calama 5,noche,3,08:30,23:00,f_cv229@farmacruzverde.cl,(55),2 31 2133,,,35598,2016-02-15,3,Multifuncional c/góndolas,II,Calama 5,2201,Latorre Nº 1965,,,,,
2,230,230 Copiapó 1,noche,3,08:30,23:30,f_cv230@farmacruzverde.cl,(52),2 24 1213,,,47064,2016-02-15,1,Autoservicio,III,Copiapó 1,3101,O' Higgins Nº 500,,,,,
2,231,231 Copiapó 2,dia,2,08:30,22:30,f_cv231@farmacruzverde.cl,(52),2 22 1622,,,20080,2016-02-15,2,Multifuncional,III,Copiapó 2,3101,"Avenida Copayapu Nº 2406, Local 1021 (Jumbo)",,,,,
2,232,232 Copiapó 3,noche,3,09:00,22:00,f_cv232@farmacruzverde.cl,(52),2 23 6409,,,26744,2016-02-15,1,Autoservicio,III,Copiapó 3,3101,Atacama Nº 577,,,,,
2,233,233 Peñalolén 1,noche,3,09:00,23:00,f_cv233@farmacruzverde.cl,(2),2958 0195,,,24155,2016-02-15,1,Autoservicio,RM,Peñalolén 1,13122,"Avenida Consistorial Nº 270, Local B-14",,,,,
2,234,234 Lo Prado 1,noche,3,09:30,21:30,f_cv234@farmacruzverde.cl,(2),2775 7476,,,30479,2016-02-15,1,Autoservicio,RM,Lo Prado 1,13117,Avenida San Pablo Nº 6256 (Serv. Esso),,,,,
2,235,235 Vallenar 1,noche,3,08:30,23:00,f_cv235@farmacruzverde.cl,(51),2 61 0254,(2),(2694 4000) 5235,36514,2016-02-15,1,Autoservicio,III,Vallenar 1,3301,Avenida Arturo Prat Nº 1101,,,,,
2,236,236 Estación Central 4,noche,3,10:00,21:30,f_cv236@farmacruzverde.cl,(2),2898 7871,(2),2898 7871,14116,2016-02-15,3,Multifuncional c/góndolas,RM,Estación Central 4,13106,"Avenida Libertador Bernardo O' Higgins Nº 3479, Local BZ 139",,,,,
2,237,237 San Antonio 1,noche,3,09:00,22:00,f_cv237@farmacruzverde.cl,(35),2 23 5038,,,27134,2016-02-15,3,Multifuncional c/góndolas,V,San Antonio 1,5601,Avenida Ramón Barros Luco Nº 105 Local 10 (Mall Arauco Pacífico),,,,,
2,238,238 Calama 6,noche,3,09:00,22:30,f_cv238@farmacruzverde.cl,(55),2 36 4724,,,34476,2016-02-15,1,Autoservicio,II,Calama 6,2201,Paseo Peatonal Eleuterio Ramírez Nº 1977-1979,,,,,
2,239,239 La Serena 1,dia,2,09:00,22:00,f_cv239@farmacruzverde.cl,(51),2 28 1127,,,17474,2016-02-15,2,Multifuncional,IV,La Serena 1,4101,"Nicaragua Nº 1571, Local 1 (Deca)",,,,,
2,241,241 La Serena 2,noche,3,08:30,22:30,f_cv241@farmacruzverde.cl,(51),2 21 0930,,,41275,2016-02-15,1,Autoservicio,IV,La Serena 2,4101,"Cordovéz Nº 671, Local 101",,,,,
2,243,243 La Serena 3,noche,3,09:00,23:00,f_cv243@farmacruzverde.cl,(51),2 29 5583,,,23851,2016-02-15,1,Autoservicio,IV,La Serena 3,4101,"Balmaceda Nº 3464, (Serv. Esso)",,,,,
2,245,245 Coquimbo 1,noche,3,09:00,21:00,f_cv245@farmacruzverde.cl,(51),2 31 9569,,,23823,2016-02-15,3,Multifuncional c/góndolas,IV,Coquimbo 1,4102,Aldunate Nº 1310 - 1312,,,,,
2,246,246 Coquimbo 2,noche,3,08:30,21:00,f_cv246@farmacruzverde.cl,(51),2 31 2678,,,34717,2016-02-15,1,Autoservicio,IV,Coquimbo 2,4102,Aldunate Nº 1457,,,,,
2,247,247 La Serena 4,noche,3,08:00,22:00,f_cv247@farmacruzverde.cl,(51),2 22 3403,(51),2 21 0847,32367,2016-02-15,1,Autoservicio,IV,La Serena 4,4101,Cordovéz Nº 510,,,,,
2,248,248 La Serena 5,noche,3,10:30,21:30,f_cv248@farmacruzverde.cl,(51),2 21 0620,,,35481,2016-02-15,3,Multifuncional c/góndolas,IV,La Serena 5,4101,"Alberto Solari Nº 1400, Local E-111 (Mall Plaza La Serena)",,,,,
2,249,249 La Serena 6,dia,2,09:00,22:00,f_cv249@farmacruzverde.cl,(51),2 55 0487,,,33425,2016-02-15,3,Multifuncional c/góndolas,IV,La Serena 6,4101,"Ruta 5 Parcela Nº 69, Local 1033 (Jumbo)",,,,,
2,250,250 Ovalle 2,noche,3,08:30,22:00,f_cv250@farmacruzverde.cl,(53),2 63 3854,,,33928,2016-02-15,1,Autoservicio,IV,Ovalle 2,4301,Vicuña Mackenna Nº 56,,,,,
2,251,251 Ovalle 3,noche,3,09:00,23:00,f_cv251@farmacruzverde.cl,(53),2 62 6810,,,39248,2016-02-15,1,Autoservicio,IV,Ovalle 3,4301,Vicuña Mackenna Nº 180,,,,,
2,252,252 La Serena 7,noche,3,09:00,22:00,f_cv252@farmacruzverde.cl,(51),2 21 9674,(51),2 21 9864,21121,2016-02-15,1,Autoservicio,IV,La Serena 7,4101,Balmaceda Nº 1397,,,,,
2,253,253 Coquimbo 3,noche,3,09:00,21:00,f_cv253@farmacruzverde.cl,(51),2 26 6891,,,13814,2016-02-15,2,Multifuncional,IV,Coquimbo 3,4102,"Avenida El Sauce Nº 981, Local 105, Sinderpart, (Deca)",,,,,
2,254,254 La Serena 8,noche,3,09:00,22:00,f_cv254@farmacruzverde.cl,(51),2 28 0291,,,18647,2016-02-15,3,Multifuncional c/góndolas,IV,La Serena 8,4101,"Avenida Libertador Nº 1401, Sector Las Compañías (Santa Isabel)",,,,,
2,255,255 Providencia 7,noche,3,08:00,22:00,f_cv255@farmacruzverde.cl,(2),2334 1790,(2),2334 2286,11408,2016-02-15,2,Multifuncional,RM,Providencia 7,13123,Avenida Los Conquistadores Nº 1850 (Clínica Indisa),,,,,
2,258,258 Colina 1,noche,3,10:00,20:00,f_cv258@farmacruzverde.cl,(2),2946 4684,,,18979,2016-02-15,1,Autoservicio,RM,Colina 1,13301,"Avenida Paseo Colina Sur Nº 14.500, Local 113 (Mall Piedra Roja)",,,,,
2,259,259 Las Condes 3,noche,3,07:30,22:30,fcv_259@farmacruzverde.cl,(2),2228 7896,,,30805,2016-02-15,3,Multifuncional c/góndolas,RM,Las Condes 3,13114,"Avenida Apoquindo Nº 4400, Local 145 y 147 (Esc. Militar - Sub Centro)",,,,,
2,260,260 Maipú 3,noche,3,09:00,22:00,f_cv260@farmacruzverde.cl,(2),2942 7215,,,19479,2016-02-15,1,Autoservicio,RM,Maipú 3,13119,"Ingeniero Eduardo Domínguez Nº 666, La Farfana (Santa Isabel)",,,,,
2,261,261 Puente Alto 4,noche,3,07:30,22:00,f_cv261@farmacruzverde.cl,(2),2434 9080,(2),2434 9081,16394,2016-02-15,2,Multifuncional,RM,Puente Alto 4,13201,"Línea 4 del Metro de Santiago, Local 5, (Estación Plaza de Puente Alto)",,,,,
2,265,265 Maipú 4,noche,3,09:00,23:00,f_cv265@farmacruzverde.cl,(2),2537 6696,(2),2537 6698,21744,2016-02-15,3,Multifuncional c/góndolas,RM,Maipú 4,13119,"Avenida Parque Central, Esquina Camino a Melipilla, Lote 1",,,,,
2,266,266 Talagante 1,noche,3,09:00,21:30,f_cv266@farmacruzverde.cl,(2),2838 0235,(2),2815 4655,24538,2016-02-15,3,Multifuncional c/góndolas,RM,Talagante 1,13601,Avenida Bernardo O' Higgins Nº 1132,,,,,
2,267,267 Macul,noche,3,09:00,23:00,f_cv267@farmacruzverde.cl,(2),2237 0401,,,25675,2016-02-15,1,Autoservicio,RM,Macul,13118,"Avenida José Pedro Alessandri Nº 2841, Local 1",,,,,
2,269,269 Cerrillos 1,dia,2,09:30,22:00,f_cv269@farmacruzverde.cl,(2),2539 6810,(2),2539 6894,19503,2016-02-15,2,Multifuncional,RM,Cerrillos 1,13102,"Avenida Américo Vespucio Nº 1501, Local 9, Nivel 1 (Tottus)",,,,,
2,270,270 La Florida 3,noche,3,09:30,22:00,f_cv270@farmacruzverde.cl,(2),2282 6569,, ,22211,2016-02-15,1,Autoservicio,RM,La Florida 3,13110,"Enrique Olivares Nº 594, Local 40.",,,,,
2,271,271 Las Condes 4,noche,3,07:30,22:15,f_cv271@farmacruzverde.cl,(2),2228 0727,, ,32971,2016-02-15,1,Autoservicio,RM,Las Condes 4,13114,"Evaristo Lillo Nº 29, Local 1 (Escuela Militar)",,,,,
2,272,272 Estación Central 5,noche,3,09:30,21:00,f_cv272@farmacruzverde.cl,(2),2689 0714,, ,18134,2016-02-15,2,Multifuncional,RM,Estación Central 5,13106,"Avenida Libertador Bernardo O' Higgins Nº 3322, Local 0150, 0152, 0154, 0156, 0158 y 165. Mall Arauco Estación",,,,,
2,273,273 Puente Alto 5,dia,2,08:30,22:00,f_cv273@farmacruzverde.cl,(2),2436 7750,(2),2436 7749,12925,2016-02-15,2,Multifuncional,RM,Puente Alto 5,13201,"Santo Domingo Nº 67, Local 44 y 45 (Jumbo)",,,,,
2,275,275 La Florida 4,noche,3,09:00,23:00,f_cv275@farmacruzverde.cl,(2),2262 7225,(2),2282 3946,18376,2016-02-15,3,Multifuncional c/góndolas,RM,La Florida 4,13110,Avenida Vicuña Mackenna Nº 9797 (Serv. Esso),,,,,
2,276,276 Las Condes 5,noche,3,08:30,22:00,f_cv276@farmacruzverde.cl,(2),2229 4026,,,24931,2016-02-15,1,Autoservicio,RM,Las Condes 5,13114,Avenida Los Militares Nº 6900,,,,,
2,277,277 Las Condes 6,noche,3,09:00,21:30,f_cv277@farmacruzverde.cl,(2),2217 9987,,,13599,2016-02-15,2,Multifuncional,RM,Las Condes 6,13114,"Lo Fontecilla Nº 441 (Exterior), Clínica Las Condes",,,,,
2,278,278 Las Condes 7,noche,3,09:00,21:00,f_cv278@farmacruzverde.cl,(2),2217 9989,,,16327,2016-02-15,2,Multifuncional,RM,Las Condes 7,13114,"Lo Fontecilla Nº 441 (Interior), Clínica Las Condes",,,,,
2,279,279 Puente Alto 6,noche,3,09:00,21:30,f_cv279@farmacruzverde.cl,(2),2875 9384,,,23598,2016-02-15,1,Autoservicio,RM,Puente Alto 6,13201,Avenida Camilo Henríquez Nº 3160 (Serv. YPF),,,,,
2,280,280 Independencia 1,noche,3,08:30,21:30,f_cv280@farmacruzverde.cl,(2),2380 0651,(2),2380 0650,29529,2016-02-15,1,Autoservicio,RM,Independencia 1,13108,Avenida Independencia Nº 936,,,,,
2,283,283 Quilicura 1,noche,3,09:30,22:00,f_cv283@farmacruzverde.cl,(2),2627 2254,(2),2603 6245,21062,2016-02-15,3,Multifuncional c/góndolas,RM,Quilicura 1,13125,Avenida O' Higgins Nº 99 (Serv. Esso),,,,,
2,284,284 Coronel 1,noche,3,10:30,21:00,f_cv284@farmacruzverde.cl,,,(2),(2694 4000) 5284,28615,2016-02-15,3,Multifuncional c/góndolas,VIII,Coronel 1,8102,"Avenida Carlos Prats Nº 901, Local 1258, (Mall Costa Pacifico)",,,,,
2,285,285 La Reina 1,noche,3,09:00,22:00,f_cv285@farmacruzverde.cl,(2),2273 7985,,,24610,2016-02-15,1,Autoservicio,RM,La Reina 1,13113,Avenida Carlos Ossandón Nº 1188 (Strip Center),,,,,
2,286,286 Santiago 13,noche,3,08:30,24:00,f_cv286@farmacruzverde.cl,(2),2635 3691,,,26608,2016-02-15,3,Multifuncional c/góndolas,RM,Santiago 13,13101,Portugal Nº 175 (Serv. YPF),,,,,
2,287,287 Las Condes 8,noche,3,08:30,22:00,f_cv287@farmacruzverde.cl,(2),2231 8096,(2),2231 2732,27456,2016-02-15,3,Multifuncional c/góndolas,RM,Las Condes 8,13114,"Avenida El Bosque Norte Nº 190, Local 1",,,,,
2,290,290 Las Condes 9,noche,3,09:00,22:00,f_cv290@farmacruzverde.cl,(2),2220 6110,(2),2220 2785,30191,2016-02-15,1,Autoservicio,RM,Las Condes 9,13114,Avenida Kennedy Nº 7915,,,,,
2,291,291 Ñuñoa 6,noche,3,09:00,22:00,f_cv291@farmacruzverde.cl,(2),2204 2559,,,20749,2016-02-15,3,Multifuncional c/góndolas,RM,Ñuñoa 6,13120,"Avenida Pedro de Valdivia Nº 3601, Local 1",,,,,
2,293,293 La Cisterna 1,noche,3,08:00,22:00,f_cv293@farmacruzverde.cl,(2),2548 1014,(2),2547 1342,20354,2016-02-15,3,Multifuncional c/góndolas,RM,La Cisterna 1,13109,"Avenida Américo Vespucio Nº 33, Local 5 (Estación Intermodal)",,,,,
2,295,295 Las Condes 10,noche,3,08:15,22:00,f_cv295@farmacruzverde.cl,(2),2224 2997,,,23000,2016-02-15,3,Multifuncional c/góndolas,RM,Las Condes 10,13114,Patagonia Nº 19,,,,,
2,296,296 Las Condes 11,noche,3,09:00,22:00,f_cv296@farmacruzverde.cl,(2),2207 7869,(2),2321 7018,27585,2016-02-15,1,Autoservicio,RM,Las Condes 11,13114,Avenida Apoquindo Nº 5020 - 5024 (Strip Center),,,,,
2,299,299 Vitacura 4,noche,3,08:30,22:00,f_cv299@farmacruzverde.cl,(2),2219 0321,,,23929,2016-02-15,1,Autoservicio,RM,Vitacura 4,13132,Avenida Luis Pasteur Nº 5519 - 5531,,,,,
2,300,300 Valparaíso 3,noche,3,08:30,21:00,f_cv300@farmacruzverde.cl,(32),2 75 5435,,,13750,2016-02-15,2,Multifuncional,V,Valparaíso 3,5101,Pedro Montt Nº 2248,,,,,
2,302,302 Viña del Mar 3,noche,3,10:30,21:00,f_cv302@farmacruzverde.cl,(32),2 38 2210,(32),2 38 2207,46434,2016-02-15,1,Autoservicio,V,Viña del Mar 3,5109,"Avenida Libertad Nº 1348, Local 22, (Mall Marina Arauco)",,,,,
2,303,303 Viña del Mar 4,noche,3,09:00,21:30,f_cv303@farmacruzverde.cl,(32),2 71 0470,,,12317,2016-02-15,2,Multifuncional,V,Viña del Mar 4,5109,Avenida Valparaíso Nº 298,,,,,
2,304,304 Quillota 2,noche,3,08:30,21:30,f_cv304@farmacruzverde.cl,(32),2 26 9467,,,26148,2016-02-15,1,Autoservicio,V,Quillota 2,5501,"O' Higgins Nº 195, Local 1",,,,,
2,305,305 Viña del Mar 5,noche,3,08:00,22:30,f_cv305@farmacruzverde.cl,(32),2 97 6948,(32),2 97 6955,31755,2016-02-15,1,Autoservicio,V,Viña del Mar 5,5109,Avenida Libertad Nº 825,,,,,
2,308,308 Viña del Mar 6,noche,3,09:00,21:30,f_cv308@farmacruzverde.cl,(32),2 68 0656,,,24876,2016-02-15,1,Autoservicio,V,Viña del Mar 6,5109,"Calle Quillota Nº 493, Esquina 6 Norte (Santa Isabel)",,,,,
2,310,310 Concón 1,noche,3,09:00,21:30,f_cv310@farmacruzverde.cl,(33),2 81 4023,(33),2 81 3636,23572,2016-02-15,1,Autoservicio,V,Concón 1,5103,Magallanes Nº 866,,,,,
2,311,311 Concón 2,noche,3,09:00,22:00,f_cv311@farmacruzverde.cl,(32),2 85 8104,,,29293,2016-02-15,3,Multifuncional c/góndolas,V,Concón 2,5103,"Avenida Concon - Reñaca Nº 3850, Local 1013",,,,,
2,312,312 La Calera 1,noche,3,09:00,21:30,f_cv312@farmacruzverde.cl,(33),2 22 8482,(33),2 22 8469,20674,2016-02-15,3,Multifuncional c/góndolas,V,La Calera 1,5502,José Joaquín Pérez Nº 202,,,,,
2,313,313 Valparaíso 4,noche,3,08:00,21:00,f_cv313@farmacruzverde.cl,(32),2 21 4500,,,34830,2016-02-15,1,Autoservicio,V,Valparaíso 4,5101,Pedro Montt Nº 2705,,,,,
2,315,315 Limache 2,noche,3,08:30,21:30,f_cv315@farmacruzverde.cl,(33),2 41 5940,,,24362,2016-02-15,3,Multifuncional c/góndolas,V,Limache 2,5802,Urmeneta Nº 99,,,,,
2,316,316 Viña del Mar 7,noche,3,08:30,22:30,f_cv316@farmacruzverde.cl,(32),2 69 8083,(32),2 69 8082,42577,2016-02-15,1,Autoservicio,V,Viña del Mar 7,5109,Avenida Valparaíso Nº 598,,,,,
2,317,317 Talcahuano 3,noche,3,10:30,21:30,f_cv317@farmacruzverde.cl,,,(2),(2694 4000) 5317,885,2016-02-15,2,Multifuncional,VIII,Talcahuano 3,8110,"Avenida Jorge Alessandri Nº 3177, Local 136 (Mall Plaza el Trébol)",,,,,
2,318,318 Viña del Mar 8,noche,3,09:00,21:30,f_cv318@farmacruzverde.cl,(32),2 62 0782,(32),2 66 2058,15696,2016-02-15,2,Multifuncional,V,Viña del Mar 8,5109,José Miguel Carrera Nº 201 (Recreo),,,,,
2,319,319 Villa Alemana 1,noche,3,09:00,22:00,f_cv319@farmacruzverde.cl,(32),2 95 7566,,,24551,2016-02-15,3,Multifuncional c/góndolas,V,Villa Alemana 1,5804,Avenida Valparaíso Nº 664,,,,,
2,320,320 Viña del Mar 9,noche,3,09:00,21:30,f_cv320@farmacruzverde.cl,(32),2 88 3169,,,20710,2016-02-15,3,Multifuncional c/góndolas,V,Viña del Mar 9,5109,Avenida Libertad Nº 1299,,,,,
2,321,321 Reñaca 1,noche,3,09:00,22:00,f_cv321@farmacruzverde.cl,(32),2 83 6951,(32),2 83 6952,26903,2016-02-15,1,Autoservicio,V,Reñaca 1/ Viña del Mar,5109,"Angamos Nº 242,  Local 8 (Strip Center). Reñaca",,,,,
2,324,324 Curacaví,noche,3,09:00,21:00,f_cv324@farmacruzverde.cl,(2),2835 2715,(2),2835 3080,15663,2016-02-15,3,Multifuncional c/góndolas,RM,Curacaví,13503,Presbitero Moraga Sur Nº 01 (Puerto Cristo),,,,,
2,325,325 Valparaíso 5,noche,3,08:30,22:00,f_cv325@farmacruzverde.cl,(32),2 59 3663,(32),2 59 3890,27155,2016-02-15,3,Multifuncional c/góndolas,V,Valparaíso 5,5101,Avenida Argentina Nº 51 (Jumbo),,,,,
2,326,326 Viña del Mar 10,dia,2,09:00,22:00,f_cv326@farmacruzverde.cl,(32),2 62 3883,(32),2 62 3315,28515,2016-02-15,1,Autoservicio,V,Viña del Mar 10,5109,"Alvarez Nº 314, Esquina Traslaviña",,,,,
2,327,327 Viña del Mar 11,noche,3,08:30,21:30,f_cv327@farmacruzverde.cl,(32),2 67 4406,(32),2 67 4405,20828,2016-02-15,3,Multifuncional c/góndolas,V,Viña del Mar 11,5109,"Uno Norte Nº 2901, Local 4054 y 4056 (Jumbo)",,,,,
2,328,328 Zapallar 1,noche,3,10:30,21:00,f_cv328@farmacruzverde.cl,(33),2 77 2056,,,11919,2016-02-15,2,Multifuncional,V,Zapallar 1,5405,Avenida Cachagua Nº 34,,,,,
2,329,329 Santo Domingo,noche,3,09:00,21:00,f_cv329@farmacruzverde.cl,(35),2 44 2803,,,29549,2016-02-15,3,Multifuncional c/góndolas,V,Santo Domingo,5606,Avenida El Golf Nº 6,,,,,
2,330,330 Quilpué 1,noche,3,09:00,22:00,f_cv330@farmacruzverde.cl,(32),2 91 3124,,,13596,2016-02-15,2,Multifuncional,V,Quilpué 1,5801,Los Carreras Nº 721,,,,,
2,332,332 Los Andes 1,noche,3,09:00,22:00,f_cv332@farmacruzverde.cl,(34),2 34 3992,,,26487,2016-02-15,1,Autoservicio,V,Los Andes 1,5301,"Avenida Argentina Nº 805, Local 1020 (Jumbo)",,,,,
2,333,333 San Felipe 1,noche,3,08:30,22:00,f_cv333@farmacruzverde.cl,(34),2 51 4734,,,33739,2016-02-15,1,Autoservicio,V,San Felipe 1,5701,Merced Nº 176,,,,,
2,334,334 Limache 3,noche,3,09:00,21:30,f_cv334@farmacruzverde.cl,(33),2 41 8343,,,22671,2016-02-15,1,Autoservicio,V,Limache 3,5802,República Nº 275,,,,,
2,336,336 Quilpué 2,noche,3,08:30,22:30,f_cv336@farmacruzverde.cl,(32),2 92 4381,,,27722,2016-02-15,1,Autoservicio,V,Quilpué 2,5801,Claudio Vicuña  Nº 791,,,,,
2,337,337 Zapallar 2,noche,3,09:00,20:00,f_cv337@farmacruzverde.cl,(33),2 74 1991,(33),2 74 1937,20500,2016-02-15,2,Multifuncional,V,Zapallar 2,5405,Moises Chacon Nº 140,,,,,
2,338,338 Algarrobo 1,noche,3,09:00,21:00,f_cv338@farmacruzverde.cl,(35),2 48 9065,,,30602,2016-02-15,3,Multifuncional c/góndolas,V,Algarrobo 1,5602,Avenida Carlos Alessandri Nº 1915 - 1923,,,,,
2,339,339 Curauma 1,noche,3,08:30,22:00,f_cv339@farmacruzverde.cl,(32),2 29 2916,(32),2 29 3637,25107,2016-02-15,3,Multifuncional c/góndolas,V,Curauma / Viña del Mar,5109,"Avenida Obispo Valdés Subercaseaux Nº 1170, Local 6 y 7. Supermercado Unimarc. Curauma",Localidad cerca de Viña del Mar,,,,
2,340,340 Curauma 2,noche,3,08:30,22:00,f_cv340@farmacruzverde.cl,(32),2 29 4849,(32),2 29 4850,25459,2016-02-15,3,Multifuncional c/góndolas,V,Curauma / Viña del Mar,5109,"Avenida Cardenal Samore Nº 2335 (Santa Isabel), Curauma.",Localidad cerca de Viña del Mar,,,,
2,341,341 Viña del Mar 12,noche,3,08:30,20:30,f_cv341@farmacruzverde.cl,(32),2 99 4810,,,13524,2016-02-15,2,Multifuncional,V,Viña del Mar 12,5109,4 Poniente Nº 332 (Centromed),,,,,
2,342,342 San Antonio 2,noche,3,09:00,20:00,f_cv342@farmacruzverde.cl,(35),2 35 3015,,,10905,2016-02-15,2,Multifuncional,V,San Antonio 2,5601,"Lauro Barros Nº 250, Local 1 (Clínica San Antonio)",,,,,
2,343,343 Villa Alemana 2,noche,3,09:00,21:30,f_cv343@farmacruzverde.cl,(32),2 53 3462,,,21907,2016-02-15,1,Autoservicio,V,Villa Alemana 2,5804,Avenida Valparaíso Nº 691,,,,,
2,344,344 Talca 4,dia,2,08:30,21:30,f_cv344@farmacruzverde.cl,(71),2 23 1163,,,26385,2016-02-15,3,Multifuncional c/góndolas,VII,Talca 4,7101,"El Arenal Nº 411, Local 1018 (Jumbo)",,,,,
2,345,345 Santiago 14,noche,3,08:30,22:00,f_cv345@farmacruzverde.cl,(2),2870 0774,(2),(2694 4000) 5345,26341,2016-02-15,3,Multifuncional c/góndolas,RM,Santiago 14,13101,Huérfanos Nº 956,,,,,
2,346,346 La Florida 5,dia,2,08:30,22:00,f_cv346@farmacruzverde.cl,(2),2230 1898,,,19684,2016-02-15,3,Multifuncional c/góndolas,RM,La Florida 5,13110,"Sánchez Fontecilla Nº 8968, Local 9, 10 y 11 (Líder Express)",,,,,
2,347,347 Maipú 5,dia,2,09:00,21:00,f_cv347@farmacruzverde.cl,(2),2781 0327,(2),2230 1866,14030,2016-02-15,2,Multifuncional,RM,Maipú 5,13119,"Avenida 3 Poniente Nº 900, L. 6 (Líder)",,,,,
2,348,348 Isla de Pascua,noche,3,08:30,22:00,f_cv348@farmacruzverde.cl,(32),2 55 1541,(2),(2694 4000) 5348,55463,2016-02-15,1,Autoservicio,V,Isla de Pascua,5201,Atamu Tekena s/n Hanga Roa,,,,,
2,350,350 San Carlos,noche,3,08:30,22:00,f_cv350@farmacruzverde.cl,(42),2 41 1420,,,25788,2016-02-15,1,Autoservicio,VIII,San Carlos,8416,Serrano Nº 509,,,,,
2,351,351 Concepción 7,dia,2,09:00,21:00,f_cv351@farmacruzverde.cl,(41),2 21 8305,(41),2 21 8379,11207,2016-02-15,2,Multifuncional,VIII,Concepción 7,8101,Freire Nº 455 (Santa Isabel),,,,,
2,352,352 Coronel 2,noche,3,09:00,21:30,f_cv352@farmacruzverde.cl,(41),2 71 4020,(41),2 71 4012,26468,2016-02-15,1,Autoservicio,VIII,Coronel 2,8102,Manuel Montt Nº 399,,,,,
2,353,353 Concepción 8,dia,2,08:30,22:30,f_cv353@farmacruzverde.cl,(41),2 21 6391,,,14126,2016-02-15,2,Multifuncional,VIII,Concepción 8,8101,Chacabuco Nº 70 (Unimarc),,,,,
2,356,356 Concepción 9,noche,3,08:30,22:00,f_cv356@farmacruzverde.cl,(41),2 22 0941,(41),2 22 0958,23612,2016-02-15,3,Multifuncional c/góndolas,VIII,Concepción 9,8101,"Aníbal Pinto Nº 510, Esquina Barros Arana.",,,,,
2,357,357 Concepción 10,noche,3,08:30,22:00,f_cv357@farmacruzverde.cl,(41),2 33 3960,(41),2 33 3962,27425,2016-02-15,1,Autoservicio,VIII,Concepción 10,8101,Pedro de Valdivia Nº 976,,,,,
2,358,358 Talcahuano 4,noche,3,09:00,21:00,f_cv358@farmacruzverde.cl,(41),2 42 7400,(41),2 42 7290,16470,2016-02-15,2,Multifuncional,VIII,Talcahuano 4,8110,Avenida Cristobal Colón Nº 396,,,,,
2,359,359 Concepción 11,noche,3,08:30,22:30,f_cv359@farmacruzverde.cl,(41),2 22 4284,(41),2 22 4285,22744,2016-02-15,3,Multifuncional c/góndolas,VIII,Concepción 11,8101,Los Carrera Nº 975 (Serv. Esso),,,,,
2,362,362 San Pedro de la Paz 2,noche,3,08:30,22:00,f_cv362@farmacruzverde.cl,(41),2 28 3340,(41),2 28 3231,25387,2016-02-15,3,Multifuncional c/góndolas,VIII,San Pedro de la Paz 2,8108,"Avenida Pedro Aguirre Cerda Nº 1055, Local 20 (Strip Center)",,,,,
2,363,363 Talcahuano 5,noche,3,08:30,22:00,f_cv363@farmacruzverde.cl,(41),2 58 6167,(41),2 58 0273,25560,2016-02-15,1,Autoservicio,VIII,Talcahuano 5,8110,"Avenida Cristobal Colón Nº 3284, Local A",,,,,
2,364,364 Hualpén 1,noche,3,09:00,22:30,f_cv364@farmacruzverde.cl,(41),2 47 1256,,,21235,2016-02-15,1,Autoservicio,VIII,Hualpén 1,8112,Avenida Colón Nº 9280.,,,,,
2,367,367 Temuco 4,noche,3,08:30,23:30,f_cv367@farmacruzverde.cl,(45),2 24 4892,(45),2 24 4573,30169,2016-02-15,1,Autoservicio,IX,Temuco 4,9101,Avenida Alemania Nº 0780,,,,,
2,368,368 Temuco 5,noche,3,09:00,22:00,f_cv368@farmacruzverde.cl,(45),2 21 3467,,,35378,2016-02-15,1,Autoservicio,IX,Temuco 5,9101,Manuel Montt Nº 801,,,,,
2,369,369 Machalí,noche,3,09:00,22:00,f_cv369@farmacruzverde.cl,,,(2),(2694 4000) 5369,23679,2016-02-15,3,Multifuncional c/góndolas,VI,Machalí,6108,"Avenida San Juan Nº 2182,  Local 4",,,,,
2,370,370 Temuco 6,dia,2,08:30,22:00,f_cv370@farmacruzverde.cl,(45),2 23 0564,(45),2 23 0032,14914,2016-02-15,2,Multifuncional,IX,Temuco 6,9101,"Avenida Alemania Nº 671, Local 1011 (Jumbo)",,,,,
2,371,371 Pucón 1,noche,3,09:00,22:00,f_cv371@farmacruzverde.cl,(45),2 44 1230,(45),2 44 1521,37622,2016-02-15,3,Multifuncional c/góndolas,IX,Pucón 1,9115,Avenida Bernardo O' Higgins Nº 400,,,,,
2,372,372 Temuco 7,noche,3,10:00,21:00,f_cv372@farmacruzverde.cl,(45),2 23 1054,(45),2 23 1030,35922,2016-02-15,1,Autoservicio,IX,Temuco 7,9101,"Avenida Alemania Nº 671, Local 1002 (Jumbo)",,,,,
2,373,373 Pucón 2,noche,3,09:30,21:00,f_cv373@farmacruzverde.cl,(45),2 44 9091,(45),2 44 9041,33583,2016-02-15,3,Multifuncional c/góndolas,IX,Pucón 2,9115,Avenida Bernardo O' Higgins Nº 302,,,,,
2,375,375 Villarrica 1,noche,3,10:00,20:00,f_cv375@farmacruzverde.cl,(45),2 41 0607,(45),2 41 0920,24747,2016-02-15,3,Multifuncional c/góndolas,IX,Villarrica 1,9120,Pedro de Valdivia Nº 712,,,,,
2,376,376 Villarrica 2,noche,3,09:00,23:00,f_cv376@farmacruzverde.cl,(45),2 41 0475,(45),2 41 1264,33129,2016-02-15,1,Autoservicio,IX,Villarrica 2,9120,Camilo Henríquez Nº 445,,,,,
2,377,377 Temuco 8,noche,3,09:00,22:00,f_cv377@farmacruzverde.cl,(45),2 26 1177,,,24735,2016-02-15,3,Multifuncional c/góndolas,IX,Temuco 8,9101,Avenida San Martín Nº 0831,,,,,
2,378,378 Tomé,noche,3,09:00,22:00,f_cv378@farmacruzverde.cl,(41),2 65 4178,,,27246,2016-02-15,3,Multifuncional c/góndolas,VIII,Tomé,8111,Manuel Montt Nº 1065,,,,,
2,379,379 Talcahuano 6,noche,3,09:00,22:00,f_cv379@farmacruzverde.cl,(41),2 56 3754,,,23724,2016-02-15,3,Multifuncional c/góndolas,VIII,Talcahuano 6,8110,"Avenida Jorge Alesandri, Local BF 124, 125, 128, 129, 132 y 133 (Mall El Trebol)",,,,,
2,380,380 Temuco 9,noche,3,09:00,21:30,f_cv380@farmacruzverde.cl,(45),2 95 3340,,,24875,2016-02-15,1,Autoservicio,IX,Temuco 9,9101,"Avenida Alemania Nº 425, Paseo Los Suizos",,,,,
2,381,381 Osorno 7,dia,2,08:30,21:30,f_cv381@farmacruzverde.cl,(64),2 54 0133,,,20889,2016-02-15,3,Multifuncional c/góndolas,X,Osorno 7,10301,Plaza Yungay Nº 609. Loc. 1017 Mall Portal Osorno,,,,,
2,382,382 Los Andes 2,noche,3,09:00,22:30,f_cv382@farmacruzverde.cl,(34),2 34 5168,,,27939,2016-02-15,1,Autoservicio,V,Los Andes 2,5301,Maipú Nº 320,,,,,
2,383,383 Puente Alto 7,dia,2,08:30,22:00,f_cv383@farmacruzverde.cl,(2),2874 6317,,,12717,2016-02-15,2,Multifuncional,RM,Puente Alto 7,13201,Avenida Nonato Coo Nº 3108 (Líder),,,,,
2,384,384 Colina 2,dia,2,09:00,22:00,f_cv384@farmacruzverde.cl,(2),2844 2476,,,17427,2016-02-15,2,Multifuncional,RM,Colina 2,13301,"Avenida Concepción Nº 47, Local 4, 5 y 6 (Tottus)",,,,,
2,385,385 Puente Alto 8,noche,3,09:00,22:00,f_cv385@farmacruzverde.cl,(2),2755 8617,,,21380,2016-02-15,1,Autoservicio,RM,Puente Alto 8,13201,"Avenida Diego Portales Nº 06303, Local 05 (Líder Express)",,,,,
2,387,387 Pudahuel 2,dia,2,11:00,19:00,f_cv387@farmacruzverde.cl,(2),2749 0460,,,12937,2016-02-15,2,Multifuncional,RM,Pudahuel 2,13124,"Isla Portezuelo Nº 615, Local 1564 (Santa Isabel)",,,,,
2,389,389 Las Condes 12,noche,3,09:00,22:00,f_cv389@farmacruzverde.cl,(2),2201 3961,,,26994,2016-02-15,1,Autoservicio,RM,Las Condes 12,13114,Avenida Las Condes Nº 8590,,,,,
2,391,391 Las Condes 13,noche,3,08:00,24:00,f_cv391@farmacruzverde.cl,(2),2228 9397,,,29233,2016-02-15,1,Autoservicio,RM,Las Condes 13,13114,"Avenida Américo Vespucio Nº 1040, Local 13",,,,,
2,392,392 Vitacura 5,noche,3,08:30,22:00,f_cv392@farmacruzverde.cl,(2),2263 4225,,,23714,2016-02-15,1,Autoservicio,RM,Vitacura 5,13132,"Avenida Nueva Costanera Nº 4177,  Local 1 (Strip Center)",,,,,
2,393,393 Santiago 15,noche,3,07:30,21:00,f_cv393@farmacruzverde.cl,(2),2695 9879,,,12827,2016-02-15,2,Multifuncional,RM,Santiago 15,13101,Amunategui Nº 94 - 96,,,,,
2,394,394 Santiago 16,noche,3,09:00,21:30,f_cv394@farmacruzverde.cl,(2),2638 2325,,,8870,2016-02-15,2,Multifuncional,RM,Santiago 16,13101,Lira Nº 49,,,,,
2,396,396 Providencia 8,noche,3,08:45,22:00,f_cv396@farmacruzverde.cl,(2),2225 9575,,,24359,2016-02-15,1,Autoservicio,RM,Providencia 8,13123,"Santa Isabel Nº 865,  Local 2 (Ekono)",,,,,
2,398,398 Huechuraba 2,noche,3,08:30,22:00,f_cv398@farmacruzverde.cl,(2),2728 0315,,,28021,2016-02-15,1,Autoservicio,RM,Huechuraba 2,13107,"Avenida El Parque Nº 4023, Local 113. (Ciudad Empresarial )",,,,,
2,400,400 Las Condes 14,noche,3,09:00,22:30,f_cv400@farmacruzverde.cl,(2),2219 0736,,,31999,2016-02-15,1,Autoservicio,RM,Las Condes 14,13114,"Avenida Pdte. Kennedy Nº 5413, Local 350 (Parque Arauco)",,,,,
2,401,401 Las Condes 15,noche,3,09:00,22:00,f_cv401@farmacruzverde.cl,(2),2211 1630,,,19581,2016-02-15,3,Multifuncional c/góndolas,RM,Las Condes 15,13114,Avenida Alexander Fleming Nº 7759,,,,,
2,402,402 Huechuraba 3,noche,3,09:00,22:00,f_cv402@farmacruzverde.cl,(2),2721 0528,(2),2721 0527,25893,2016-02-15,1,Autoservicio,RM,Huechuraba 3,13107,Avenida Pedro Fontova Nº 7789 (Santa Isabel),,,,,
2,403,403 San Antonio 3,noche,3,09:00,22:00,f_cv403@farmacruzverde.cl,(35),2 21 6549,(35),2 21 6553,40708,2016-02-15,1,Autoservicio,V,San Antonio 3,5601,Centenario Nº 120,,,,,
2,405,405 La Florida 6,noche,3,10:00,21:30,f_cv405@farmacruzverde.cl,(2),2230 1829,(2),2586 3050,32074,2016-02-15,1,Autoservicio,RM,La Florida 6,13110,"Avenida Vicuña Mackenna Nº 7110, Local 219, 220 y 221. (Mall Plaza Vespucio)",,,,,
2,406,406 Ñuñoa 7,noche,3,09:00,22:30,f_cv406@farmacruzverde.cl,(2),2227 4680,,,21684,2016-02-15,3,Multifuncional c/góndolas,RM,Ñuñoa 7,13120,Avenida Ossa Nº 1220,,,,,
2,408,408 Providencia 9,noche,3,08:00,22:00,f_cv408@farmacruzverde.cl,(2),2233 6188,(2),2233 0815,24049,2016-02-15,2,Multifuncional,RM,Providencia 9,13123,"Providencia Nº 2594, Local 1. Esquina Luis Thayer Ojeda",,,,,
2,409,409 Las Condes 16,noche,3,10:30,21:00,f_cv409@farmacruzverde.cl,(2),2206 5481,, ,17901,2016-02-15,3,Multifuncional c/góndolas,RM,Las Condes 16,13114,Avenida Cristobal Colón Nº 4008,,,,,
2,410,410 La Florida 7,noche,3,10:00,21:30,f_cv410@farmacruzverde.cl,(2),2586 3151,(2),2586 3150,17503,2016-02-15,2,Multifuncional,RM,La Florida 7,13110,"Avenida Vicuña Mackenna Nº 7110, Local C 102. (Mall Plaza Vespucio)",,,,,
2,411,411 La Reina 2,noche,3,09:00,23:00,f_cv411@farmacruzverde.cl,(2),2226 0113,(2),2227 1949,23955,2016-02-15,3,Multifuncional c/góndolas,RM,La Reina 2,13113,Principe de Gales Nº 6812,,,,,
2,412,412 Providencia 10,noche,3,08:00,24:00,f_cv412@farmacruzverde.cl,(2),2223 3739,(2),2223 4980,33341,2016-02-15,1,Autoservicio,RM,Providencia 10,13123,Avenida Francisco Bilbao Nº 2191,,,,,
2,413,413 Las Condes 17,noche,3,08:30,24:00,f_cv413@farmacruzverde.cl,(2),2224 7191,, ,35826,2016-02-15,1,Autoservicio,RM,Las Condes 17,13114,Avenida Cristobal Colón Nº 6071,,,,,
2,415,415 Las Condes 18,dia,2,08:15,22:00,f_cv415@farmacruzverde.cl,(2),2263 2920,, ,25446,2016-02-15,2,Multifuncional,RM,Las Condes 18,13114,"Avenida Francisco Bilbao Nº 4144, Local 235 (Jumbo)",,,,,
2,416,416 Quilicura 2,dia,2,09:00,22:00,f_cv416@farmacruzverde.cl,(2),2603 8559,, ,18144,2016-02-15,2,Multifuncional,RM,Quilicura 2,13125,Manuel Antonio Matta Nº 437 (Santa Isabel),,,,,
2,417,417 La Cisterna 2,noche,3,08:00,22:00,f_cv417@farmacruzverde.cl,(2),2521 2749,, ,14917,2016-02-15,2,Multifuncional,RM,La Cisterna 2,13109,Gran Avenida Nº 6567,,,,,
2,418,418 Puente Alto 9,noche,3,08:00,23:00,f_cv418@farmacruzverde.cl,(2),2850 0074,(2),2853 2053,16161,2016-02-15,2,Multifuncional,RM,Puente Alto 9,13201,Concha y Toro Nº 194,,,,,
2,420,420 Quinta Normal,noche,3,09:00,20:00,f_cv420@farmacruzverde.cl,(2),2681 3268,, ,9762,2016-02-15,2,Multifuncional,RM,Quinta Normal,13126,Matucana Nº 775,,,,,
2,421,421 Santiago 17,noche,3,08:30,22:00,f_cv421@farmacruzverde.cl,(2),2687 9947,(2),2695 8410,16726,2016-02-15,2,Multifuncional,RM,Santiago 17,13101,Puente Nº 894,,,,,
2,422,422 Melipilla 2,noche,3,08:30,22:00,f_cv422@farmacruzverde.cl,(2),2831 1552,(2),2832 3107,18073,2016-02-15,1,Autoservicio,RM,Melipilla 2,13501,Serrano Nº 501,,,,,
2,424,424 La Pintana,dia,2,08:30,22:00,f_cv424@farmacruzverde.cl,(2),2536 3620,(2),2545 3833,13574,2016-02-15,2,Multifuncional,RM,La Pintana,13112,"Santa Rosa Nº 13015, Local 4 (Santa Isabel)",,,,,
2,425,425 Cerro Navia,noche,3,09:30,21:00,f_cv425@farmacruzverde.cl,(2),2649 5532,(2),2649 5541,9784,2016-02-15,2,Multifuncional,RM,Cerro Navia,13103,José Joaquín Pérez Nº 7262,,,,,
2,426,426 Estación Central 6,noche,3,07:30,23:00,f_cv426@farmacruzverde.cl,(2),2376 1879,(2),2376 1885,24893,2016-02-15,2,Multifuncional,RM,Estación Central 6,13106,Avenida Libertador Bernardo O' Higgins Nº 3806,,,,,
2,427,427 Renca,noche,3,09:00,21:30,f_cv427@farmacruzverde.cl,(2),2641 3142,(2),2646 4736,12538,2016-02-15,2,Multifuncional,RM,Renca,13128,Avenida Domingo Santa María Nº 3962 -C (Santa Isabel),,,,,
2,428,428 Lo Prado 2,noche,3,09:00,21:30,f_cv428@farmacruzverde.cl,(2),2776 7942,, ,10489,2016-02-15,2,Multifuncional,RM,Lo Prado 2,13117,Avenida Ecuador Nº 5455 -A (Santa Isabel),,,,,
2,431,431 Pedro A. Cerda 1,noche,3,08:45,21:45,f_cv431@farmacruzverde.cl,(2),2512 6384,, ,15378,2016-02-15,2,Multifuncional,RM,Pedro A. Cerda 1,13121,"Carlos Valdovinos Nº 2020, Local 2 (Santa Isabel)",,,,,
2,432,432 Independencia 2,noche,3,09:00,22:00,f_cv432@farmacruzverde.cl,(2),2777 3119,, ,27258,2016-02-15,3,Multifuncional c/góndolas,RM,Independencia 2,13108,Vivaceta Nº 975 (Strip Center Vivaceta),,,,,
2,434,434 El Bosque,dia,2,09:00,21:00,f_cv434@farmacruzverde.cl,(2),2547 9262,(2),2547 9275,13225,2016-02-15,2,Multifuncional,RM,El Bosque,13105,Gran Avenida Nº 9863 (Santa Isabel),,,,,
2,435,435 Conchali 1,noche,3,11:00,21:00,f_cv435@farmacruzverde.cl,(2),2734 9429,, ,11565,2016-02-15,2,Multifuncional,RM,Conchali 1,13104,"Avenida El Guanaco Nº 3100,  Local 14 (Santa Isabel)",,,,,
2,437,437 Recoleta 2,noche,3,09:00,21:00,f_cv437@farmacruzverde.cl,(2),2622 6812,, ,11348,2016-02-15,2,Multifuncional,RM,Recoleta 2,13127,Recoleta Nº 2299 - A,,,,,
2,438,438 Estación Central 7,noche,3,08:30,22:00,f_cv438@farmacruzverde.cl,(2),2764 3873,(2),2764 3875,18722,2016-02-15,2,Multifuncional,RM,Estación Central 7,13106,"San Borja Nº 184, Local 506-508",,,,,
2,440,440 La Florida 8,noche,3,00:01,24:00,f_cv440@farmacruzverde.cl,(2),2297 1277,, ,43491,2016-02-15,3,Multifuncional c/góndolas,RM,La Florida 8,13110,Avenida La Florida Nº 9385 (Santa Isabel),,,,,
2,441,441 Maipú 6,dia,2,08:30,21:30,f_cv441@farmacruzverde.cl,(2),2870 0722,, ,28750,2016-02-15,1,Autoservicio,RM,Maipú 6,13119,Avenida Pajaritos Nº 3302 (Jumbo),,,,,
2,442,442 Santiago 18,noche,3,09:30,20:30,f_cv442@farmacruzverde.cl,(2),2671 4500,, ,5121,2016-02-15,2,Multifuncional,RM,Santiago 18,13101,Avenida Libertador Bernardo O' Higgins Nº 1516,,,,,
2,444,444 Maipú 7,noche,3,08:30,00:00,f_cv444@farmacruzverde.cl,(2),2532 1301,(2),2532 3910,33399,2016-02-15,1,Autoservicio,RM,Maipú 7,13119,Avenida Pajaritos Nº 2222,,,,,
2,445,445 San Antonio 4 / Llolleo,noche,3,09:00,21:30,f_cv445@farmacruzverde.cl,(35),2 28 0380,(35),2 28 2643,19810,2016-02-15,3,Multifuncional c/góndolas,V,San Antonio 4,5601,"Providencia Nº 196, Localidad de Llolleo",Llolleo esta al sur de San Antonio,,,,
2,447,447 Las Condes 19,noche,3,09:00,22:00,f_cv447@farmacruzverde.cl,(2),2213 1955,, ,31404,2016-02-15,1,Autoservicio,RM,Las Condes 19,13114,"Avenida Kennedy Nº 9001, Local 2179 (Alto Las Condes)",,,,,
2,448,448 Santiago 19,noche,3,08:30,21:30,f_cv448@farmacruzverde.cl,(2),2664 8613,, ,16516,2016-02-15,2,Multifuncional,RM,Santiago 19,13101,Estado Nº 201,,,,,
2,450,450 Providencia 11,noche,3,08:30,22:30,f_cv450@farmacruzverde.cl,(2),2235 7049,(2),2235 9760,21993,2016-02-15,1,Autoservicio,RM,Providencia 11,13123,Santa Beatriz Nº 22,,,,,
2,451,451 Melipilla 3,noche,3,09:00,21:00,f_cv451@farmacruzverde.cl,(2),2831 2007,(2),2831 0048,25629,2016-02-15,1,Autoservicio,RM,Melipilla 3,13501,"Avenida Serrano Nº 323, Local  4 (Mall Plaza Leyán)",,,,,
2,452,452 La Florida 9,noche,3,10:00,22:00,f_cv452@farmacruzverde.cl,(2),2221 8884,(2),2221 9087,19176,2016-02-15,1,Autoservicio,RM,La Florida 9,13110,"Avenida Vicuña Mackenna Oriente Nº 6100, Local 1110 (Mall Florida Center)",,,,,
2,453,453 La Cisterna 3,noche,3,09:00,22:00,f_cv453@farmacruzverde.cl,(2),2527 1723,(2),2527 1146,10830,2016-02-15,2,Multifuncional,RM,La Cisterna 3,13109,Gran Avenida Nº 8503 (Serv. Esso),,,,,
2,454,454 Santiago 20,noche,3,08:00,20:30,f_cv454@farmacruzverde.cl,(2),2671 1195,(2),2671 9219,12603,2016-02-15,2,Multifuncional,RM,Santiago 20,13101,Almirante Gotuzzo Nº 92,,,,,
2,455,455 Las Condes 20,noche,3,08:30,22:30,f_cv455@farmacruzverde.cl,(2),2334 7891,, ,33512,2016-02-15,1,Autoservicio,RM,Las Condes 20,13114,Avenida Apoquindo Nº 3539,,,,,
2,456,456 Maipú 8,noche,3,09:00,21:00,f_cv456@farmacruzverde.cl,(2),2532 2898,(2),2766 4415,13266,2016-02-15,2,Multifuncional,RM,Maipú 8,13119,Avenida 5 de Abril Nº 81,,,,,
2,457,457 Santiago 21,noche,3,07:30,22:00,f_cv457@farmacruzverde.cl,(2),2697 9961,(2),2696 8651,42768,2016-02-15,1,Autoservicio,RM,Santiago 21,13101,Huérfanos Nº 1201,,,,,
2,458,458 Lo Barnechea 1,noche,3,09:30,22:00,f_cv458@farmacruzverde.cl,(2),2217 8571,, ,27149,2016-02-15,1,Autoservicio,RM,Lo Barnechea 1,13115,Valle Apacible Nº 10528,,,,,
2,459,459 San Bernardo 3,noche,3,08:30,24:00,f_cv459@farmacruzverde.cl,(2),2858 9140,(2),2858 8608,36646,2016-02-15,1,Autoservicio,RM,San Bernardo 3,13401,Eyzaguirre Nº 307 (Strip Center),,,,,
2,460,460 Lo Barnechea 2,noche,3,09:00,23:00,f_cv460@farmacruzverde.cl,(2),2216 7608,, ,14655,2016-02-15,1,Autoservicio,RM,Lo Barnechea 2,13115,Avenida La Dehesa Nº 1751,,,,,
2,461,461 Vitacura 6,noche,3,08:30,23:00,f_cv461@farmacruzverde.cl,(2),2242 1644,(2),2242 1548,26028,2016-02-15,1,Autoservicio,RM,Vitacura 6,13132,"Avenida Santa María Nº 7030, Local 1 (Strip Center)",,,,,
2,462,462 Lo Barnechea 3,noche,3,09:00,23:00,f_cv462@farmacruzverde.cl,(2),2217 8024,, ,19810,2016-02-15,3,Multifuncional c/góndolas,RM,Lo Barnechea 3,13115,José Alcalde Delano Nº 10630 (Serv. Esso),,,,,
2,463,463 Las Condes 21,noche,3,08:30,22:00,f_cv463@farmacruzverde.cl,(2),2202 0367,(2),2201 5142,22000,2016-02-15,1,Autoservicio,RM,Las Condes 21,13114,"Avenida Los Domínicos Nº 7550, Local 1 y 2 (Rotonda Atenas)",,,,,
2,464,464 La Cisterna 4,noche,3,10:00,21:00,f_cv464@farmacruzverde.cl,(2),2548 4135,(2),2548 1744,17353,2016-02-15,3,Multifuncional c/góndolas,RM,La Cisterna 4,13109,Gran Avenida Nº 7390 (Serv. Esso),,,,,
2,466,466 Ñuñoa 8,noche,3,08:30,24:00,f_cv466@farmacruzverde.cl,(2),2209 0194,(2),2205 9559,24741,2016-02-15,1,Autoservicio,RM,Ñuñoa 8,13120,Avenida Pedro de Valdivia Nº 2520,,,,,
2,467,467 Vitacura 7,noche,3,08:30,22:00,f_cv467@farmacruzverde.cl,(2),2219 5525,(2),2219 5505,24530,2016-02-15,3,Multifuncional c/góndolas,RM,Vitacura 7,13132,"Carmen Fariña Nº 6509, Esquina Juan XXIII",,,,,
2,468,468 Huechuraba 4,noche,3,10:00,21:30,f_cv468@farmacruzverde.cl,(2),2586 0368,(2),2586 0367,49540,2016-02-15,1,Autoservicio,RM,Huechuraba 4,13107,"Avenida Américo Vespucio Nº 1737, Local 1193 (Mall Plaza Norte)",,,,,
2,469,469 Santiago 22,noche,3,07:30,22:00,f_cv469@farmacruzverde.cl,(2),2672 4021,(2),2671 1353,17597,2016-02-15,2,Multifuncional,RM,Santiago 22,13101,Ahumada Nº 298,,,,,
2,470,470 Las Condes 22,dia,2,08:30,22:00,f_cv470@farmacruzverde.cl,(2),2211 5971,(2),(2694 4000) 5470,8031,2016-02-15,2,Multifuncional,RM,Las Condes 22,13114,"Avenida Kennedy Nº 5601, Piso 2 Nivel 3 (Tottus)",,,,,
2,471,471 Colina 3,dia,2,09:00,21:30,f_cv471@farmacruzverde.cl,(2),2860 1325,(2),2860 3060,18719,2016-02-15,2,Multifuncional,RM,Colina 3,13301,"Carretera General San Martín Nº 068, Local C 1 (Monserrat)",,,,,
2,472,472 La Reina 3,noche,3,08:30,22:00,f_cv472@farmacruzverde.cl,(2),2275 9205,(2),2275 9204,25289,2016-02-15,1,Autoservicio,RM,La Reina 3,13113,Principe de Gales Nº 9200 (Serv. Esso),,,,,
2,473,473 Ñuñoa 9,noche,3,08:30,22:00,f_cv473@farmacruzverde.cl,(2),2277 5025,(2),2277 4963,25823,2016-02-15,3,Multifuncional c/góndolas,RM,Ñuñoa 9,13120,Coventry Nº 601 (Ekono),,,,,
2,475,475 Puente Alto 10,noche,3,10:00,21:30,f_cv475@farmacruzverde.cl,(2),2586 0664,(2),2586 0663,38026,2016-02-15,1,Autoservicio,RM,Puente Alto 10,13201,"Avenida Camilo Henriquez Nº 3692, Local A 113 (Mall Plaza Tobalaba)",,,,,
2,476,476 San Bernardo 4,noche,3,09:00,22:00,f_cv476@farmacruzverde.cl,(2),2859 2126,(2),2859 1430,19539,2016-02-15,2,Multifuncional,RM,San Bernardo 4,13401,O' Higgins Nº 572 (Tottus),,,,,
2,478,478 Padre Hurtado,noche,3,09:00,21:30,f_cv478@farmacruzverde.cl,(2),2870 0775,, ,22148,2016-02-15,3,Multifuncional c/góndolas,RM,Padre Hurtado,13604,"Camino San Alberto Hurtado Nº 2390, Local 2 y 4",,,,,
2,479,479 Peñalolén 2,noche,3,08:30,22:00,f_cv479@farmacruzverde.cl,(2),2284 8003,, ,21390,2016-02-15,3,Multifuncional c/góndolas,RM,Peñalolén 2,13122,Avenida M. Sánchez Fontecilla Nº 12000 (Jumbo),,,,,
2,480,480 Lo Barnechea 4,noche,3,09:30,21:00,f_cv480@farmacruzverde.cl,(2),2216 6901,, ,17143,2016-02-15,1,Autoservicio,RM,Lo Barnechea 4,13115,"Avenida La Dehesa Nº 1445, Local 2093 (Portal La Dehesa)",,,,,
2,481,481 Las Condes 23,noche,3,09:00,22:00,f_cv481@farmacruzverde.cl,(2),2202 5624,(2),2201 3998,28480,2016-02-15,1,Autoservicio,RM,Las Condes 23,13114,"Avenida Francisco Bilbao Nº 8750, Local 2018 (Portal La Reina)",,,,,
2,482,482 San Miguel 1,noche,3,08:30,22:00,f_cv482@farmacruzverde.cl,(2),2555 7038,(2),2555 7086,36703,2016-02-15,1,Autoservicio,RM,San Miguel 1,13130,"El Llano Subercaseaux Nº 3519, Local 1002 (Jumbo)",,,,,
2,484,484 Maipú 9,noche,3,08:30,22:00,f_cv484@farmacruzverde.cl,(2),2942 5687,, ,20997,2016-02-15,3,Multifuncional c/góndolas,RM,Maipú 9,13119,"Avenida Américo Vespucio Nº 1001, Local 1068 (Jumbo)",,,,,
2,485,485 El Quisco,noche,3,09:00,21:30,f_cv485@farmacruzverde.cl,(35),2 47 1987,(35),2 47 1987,21884,2016-02-15,2,Multifuncional,V,El Quisco,5604,José Narciso Aguirre Nº 017,,,,,
2,486,486 Conchali 2,dia,2,09:30,21:30,f_cv486@farmacruzverde.cl,(2),2728 6094,(2),2734 7141,13867,2016-02-15,3,Multifuncional c/góndolas,RM,Conchali 2,13104,"Avenida Independencia Nº 3557, Local 1 (Monserrat)",,,,,
2,487,487 Malloco,noche,3,09:00,22:00,f_cv487@farmacruzverde.cl,(2),2814 9389,(2),2814 9214,20916,2016-02-15,3,Multifuncional c/góndolas,RM,Peñaflor / Malloco,13605,"Balmaceda Nº 503, Local A (Monserrat). Localidad de Malloco",Malloco esta unicado en Peñaflor,,,,
2,490,490 Talagante 2,noche,3,08:30,22:00,f_cv490@farmacruzverde.cl,(2),2815 8360,(2),2815 7512,22920,2016-02-15,1,Autoservicio,RM,Talagante 2,13601,"Avenida Bernardo O' Higgins Nº 1092, Local 2 y 3",,,,,
2,491,491 Calera de Tango,noche,3,08:30,22:00,f_cv491@farmacruzverde.cl,(2),2855 5868,(2),2855 5808,23090,2016-02-15,3,Multifuncional c/góndolas,RM,Calera de Tango,13403,"Camino Lonquén s/n., Local 1002 (Santa Isabel)",,,,,
2,492,492 Las Condes 24,noche,3,08:30,24:00,f_cv492@farmacruzverde.cl,(2),2214 4325,(2),2214 1229,22986,2016-02-15,1,Autoservicio,RM,Las Condes 24,13114,"Camino El Alba Nº 11101, Local 4",,,,,
2,493,493 Quilicura 3,noche,3,09:00,22:00,f_cv493@farmacruzverde.cl,(2),2607 0298,(2),2627 7302,26501,2016-02-15,1,Autoservicio,RM,Quilicura 3,13125,"Avenida O' Higgins Nº 358, Local 18 (Strip Center)",,,,,
2,494,494 Ñuñoa 10,noche,3,09:00,23:00,f_cv494@farmacruzverde.cl,(2),2266 1107,, ,24626,2016-02-15,1,Autoservicio,RM,Ñuñoa 10,13120,"Tobalaba Nº 4507, Local 1 (Strip Center)",,,,,
2,496,496 Vitacura 8,noche,3,09:30,22:30,f_cv496@farmacruzverde.cl,(2),2229 4671,(2),2229 4508,26669,2016-02-15,1,Autoservicio,RM,Vitacura 8,13132,Avenida Vitacura Nº 8201,,,,,
2,497,497 Las Condes 25,noche,3,08:30,21:30,f_cv497@farmacruzverde.cl,(2),2217 9239,(2),2217 2858,18927,2016-02-15,1,Autoservicio,RM,Las Condes 25,13114,"Avenida Las Condes Nº 12.751, Local 11",,,,,
2,498,498 San Miguel 2,noche,3,09:00,21:30,f_cv498@farmacruzverde.cl,(2),2521 5774,(2),2521 5740,18034,2016-02-15,1,Autoservicio,RM,San Miguel 2,13130,"Gran Avenida Nº 6001, Local 1 y 2",,,,,
2,499,499 Peñalolén 3,noche,3,09:00,21:30,f_cv499@farmacruzverde.cl,(2),2271 3491,(2),2271 3492,20372,2016-02-15,1,Autoservicio,RM,Peñalolén 3,13122,"Mar Tirreno Nº 5449, Local 1061 (Rotonda Quilín)",,,,,
2,702,702 Antofagasta 11,dia,2,09:00,22:00,f_cv702@farmacruzverde.cl,(55),2 53 3536,,,20596,2016-02-15,2,Multifuncional,II,Antofagasta 11,2101,"Avenida José Manuel Balmaceda Nº 2355, Local 132, 136, 140 y 144. Interior Supermercado Tottus, Mall Plaza",,,,,
2,709,709 Peñaflor 1,noche,3,09:00,21:00,f_cv709@farmacruzverde.cl,(2),2812 4917,,,24832,2016-02-15,1,Autoservicio,RM,Peñaflor 1,13605,Calle 21 de Mayo Nº 4436,,,,,
2,710,710 Santiago 23,noche,3,09:00,22:00,f_cv710@farmacruzverde.cl,(2),2664 0549,,,19732,2016-02-15,2,Multifuncional,RM,Santiago 23,13101,Ahumada Nº 201,,,,,
2,711,711 Ñuñoa 11,noche,3,08:00,22:00,f_cv711@farmacruzverde.cl,(2),2758 6177,,,23564,2016-02-15,1,Autoservicio,RM,Ñuñoa 11,13120,"Avenida Irarrázaval Nº 4949, Local 2, Esquina Diagonal Oriente",,,,,
2,712,712 Puchuncavi,noche,3,09:00,20:30,f_cv712@farmacruzverde.cl,(32),2 77 1581,,,32732,2016-02-15,1,Autoservicio,V,Puchuncavi,5105,"Carretera F30 E Local 1, Maitencillo",,,,,
2,713,713 Talca 5,noche,3,08:30,22:00,f_cv713@farmacruzverde.cl,(71),2 22 1842,,,22907,2016-02-15,3,Multifuncional c/góndolas,VII,Talca 5,7101,1 Sur Nº 1296,,,,,
2,714,714 Linares 3,noche,3,08:30,22:30,f_cv714@farmacruzverde.cl,(73),2 22 1864,,,28220,2016-02-15,1,Autoservicio,VII,Linares 3,7401,Avenida Independencia Nº 504,,,,,
2,715,715 San Miguel 3,noche,3,09:00,23:00,f_cv715@farmacruzverde.cl,(2),2521 9698,,,24861,2016-02-15,1,Autoservicio,RM,San Miguel 3,13130,"Gran Avenida Nº 5731, Esquina Tercera Avenida",,,,,
2,716,716 Curicó 6,dia,2,08:30,21:30,f_cv716@farmacruzverde.cl,(75),2 55 8262,,,10326,2016-02-15,2,Multifuncional,VII,Curicó 6,7301,Avenida O' Higgins Nº 201 (Jumbo),,,,,
2,717,717 Cartagena,noche,3,09:00,21:00,f_cv717@farmacruzverde.cl,(35),2 45 1143,,,14650,2016-02-15,2,Multifuncional,V,Cartagena,5603,Avenida Cartagena Nº 313,,,,,
2,718,718 Talca 6,noche,3,08:30,22:00,f_cv718@farmacruzverde.cl,(71),2 22 1958,,,24179,2016-02-15,1,Autoservicio,VII,Talca 6,7101,1 Sur Nº 1501,,,,,
2,719,719 Puente Alto 11,dia,2,08:30,22:00,f_cv719@farmacruzverde.cl,(2),2295 5567,,,13749,2016-02-15,2,Multifuncional,RM,Puente Alto 11,13201,"Avenida Concha y Toro Nº 3854, Local 1021 (Jumbo)",,,,,
2,721,721 Illapel,noche,3,09:00,22:00,f_cv721@farmacruzverde.cl,(53),2 52 4607,,,30672,2016-02-15,1,Autoservicio,IV,Illapel,4201,Avenida Ignacio Silva Nº 217,,,,,
2,722,722 Calama 7,dia,2,08:30,22:30,f_cv722@farmacruzverde.cl,(55),2 34 6133,,,15740,2016-02-15,2,Multifuncional,II,Calama 7,2201,"Avenida  Chorrillos Nº 1749, Local 1009, (Portal Calama Jumbo)",,,,,
2,723,723 Calama 8,dia,2,10:00,22:00,f_cv723@farmacruzverde.cl,(55),2 36 0849,,,23793,2016-02-15,1,Autoservicio,II,Calama 8,2201,"Balmaceda Nº 2902, Local  1010 (Mall)",,,,,
2,724,724 Concón 3,noche,3,09:00,22:00,f_cv724@farmacruzverde.cl,(32),2 85 7355,,,27183,2016-02-15,1,Autoservicio,V,Concón 3,5103,"Los Ginkos Nº 5, Bosques de Montemar",,,,,
2,725,725 Antofagasta 12,noche,3,09:00,22:30,f_cv725@farmacruzverde.cl,(55),2 22 4232,,,21047,2016-02-15,2,Multifuncional,II,Antofagasta 12,2101,"José Miguel Carrera Nº 1527, Local 3 (Unimarc del Parque)",,,,,
2,727,727 Vallenar 2,noche,3,09:00,22:00,f_cv727@farmacruzverde.cl,(51),2 61 8857,,,24476,2016-02-15,1,Autoservicio,III,Vallenar 2,3301,Arturo Prat Nº 1040,,,,,
2,728,728 San Felipe 2,noche,3,08:30,22:00,f_cv728@farmacruzverde.cl,(34),2 53 2399,,,21349,2016-02-15,3,Multifuncional c/góndolas,V,San Felipe 2,5701,"Avenida Bernardo O' Higgins Nº 1050, Local 1030 (Tottus)",,,,,
2,729,729 Viña del Mar 13,noche,3,08:30,22:00,f_cv729@farmacruzverde.cl,(32),2 30 1807,,,23122,2016-02-15,3,Multifuncional c/góndolas,V,Viña del Mar 13,5109,"Avenida Alessandri Nº 4085, Local 1120",,,,,
2,731,731 Punta Arenas 4,noche,3,08:30,22:00,f_cv731@farmacruzverde.cl,(61),2 24 4142,,,38120,2016-02-15,1,Autoservicio,XII,Punta Arenas 4,12101,Bories Nº 990-998,,,,,
2,732,732 Talca 7,dia,2,10:00,22:00,f_cv732@farmacruzverde.cl,(71),2 23 1483,,,13266,2016-02-15,2,Multifuncional,VII,Talca 7,7101,"Avenida 4 Norte Nº 1530, Local 1020 (Tottus)",,,,,
2,733,733 Lota,noche,3,09:00,21:30,f_cv733@farmacruzverde.cl,(41),2 87 6283,,,14860,2016-02-15,2,Multifuncional,VIII,Lota,8106,Pedro Aguirre Cerda Nº 662,,,,,
2,734,734 Porvenir,noche,3,09:00,21:00,f_cv734@farmacruzverde.cl,(61),2 58 0771,(2),(2694 4000) 5734,30957,2016-02-15,3,Multifuncional c/góndolas,XII,Porvenir,12301,Padre Mariano Zavattaro Nº 388,,,,,
2,735,735 Vitacura 9,noche,3,09:00,22:00,f_cv735@farmacruzverde.cl,(2),2207 8837,,,22181,2016-02-15,1,Autoservicio,RM,Vitacura 9,13132,Avenida Américo Vespucio Nº 2488,,,,,
2,736,736 Recoleta 3,noche,3,09:00,22:00,f_cv736@farmacruzverde.cl,(2),2738 0438,,,19067,2016-02-15,3,Multifuncional c/góndolas,RM,Recoleta 3,13127,Avenida Perú  Nº 805,,,,,
2,737,737 Ñuñoa 12,noche,3,09:00,23:00,f_cv737@farmacruzverde.cl,(2),2341 1640,,,30640,2016-02-15,1,Autoservicio,RM,Ñuñoa 12,13120,"Antonio Varas Nº 2280, Local A",,,,,
2,739,739 La Florida 10,noche,3,08:30,22:30,f_cv739@farmacruzverde.cl,(2),2262 5684,,,27431,2016-02-15,1,Autoservicio,RM,La Florida 10,13110,"Avenida Vicuña Mackenna Nº 10373, Esquina San José de la Estrella",,,,,
2,740,740 Peñalolén 4,noche,3,08:30,21:45,f_cv740@farmacruzverde.cl,(2),2279 7627,,,17789,2016-02-15,3,Multifuncional c/góndolas,RM,Peñalolén 4,13122,"Avenida Tobalaba Nº 11201, Local 1101",,,,,
2,744,744 Providencia 12,noche,3,08:00,22:00,f_cv744@farmacruzverde.cl,(2),2236 8645,,,10953,2016-02-15,2,Multifuncional,RM,Providencia 12,13123,Avenida Providencia Nº 1310,,,,,
2,745,745 Las Condes 26,dia,2,08:30,22:00,f_cv745@farmacruzverde.cl,(2),2213 1092,,,27911,2016-02-15,2,Multifuncional,RM,Las Condes 26,13114,"Avenida Kennedy Nº 9001, Local 1080",,,,,
2,747,747 Pedro A. Cerda 2,dia,2,08:30,22:00,f_cv747@farmacruzverde.cl,(2),2524 6063,,,8216,2016-02-15,2,Multifuncional,RM,Pedro A. Cerda 2,13121,"Avenida José Joaquín Prieto Nº 5531, Local 1014",,,,,
2,748,748 Ñuñoa 13,noche,3,10:00,22:00,f_cv748@farmacruzverde.cl,(2),2898 2367,,,18663,2016-02-15,3,Multifuncional c/góndolas,RM,Ñuñoa 13,13120,"Avenida José Pedro Alessandri Nº 1166, Local 4032",,,,,
2,749,749 Providencia 13,noche,3,08:00,22:00,f_cv749@farmacruzverde.cl,(2),2234 9418,,,10283,2016-02-15,2,Multifuncional,RM,Providencia 13,13123,Avenida Providencia Nº 2693-2699,,,,,
2,750,750 Las Condes 27,noche,3,09:00,21:00,f_cv750@farmacruzverde.cl,(2),2231 4466,,,16247,2016-02-15,3,Multifuncional c/góndolas,RM,Las Condes 27,13114,"Avenida Apoquindo Nº 3337, Local 6 y 7",,,,,
2,751,751 Melipilla 4,noche,3,08:30,22:00,f_cv751@farmacruzverde.cl,(2),2832 3888,,,23185,2016-02-15,1,Autoservicio,RM,Melipilla 4,13501,Plaza de Armas Nº 561 al 565,,,,,
2,754,754 Santiago 24,noche,3,08:30,21:00,f_cv754@farmacruzverde.cl,(2),2671 4763,,,27184,2016-02-15,3,Multifuncional c/góndolas,RM,Santiago 24,13101,Bandera Nº 313,,,,,
2,755,755 Las Condes 28,noche,3,08:00,22:00,f_cv755@farmacruzverde.cl,(2),2230 1844,,,13787,2016-02-15,2,Multifuncional,RM,Las Condes 28,13114,"Lo Fontecilla Nº 441, Urgencia de Clínica Las Condes",,,,,
2,756,756 San Bernardo 5,noche,3,08:30,21:00,f_cv756@farmacruzverde.cl,(2),2370 5398,,,24515,2016-02-15,1,Autoservicio,RM,San Bernardo 5,13401,Eyzaguirre Nº 574,,,,,
2,757,757 Providencia 14,dia,2,08:30,22:00,f_cv757@farmacruzverde.cl,(2),2870 0725,,,35734,2016-02-15,2,Multifuncional,RM,Providencia 14,13123,"Avenida Andrés Bello Nº 2465, Local 1169",,,,,
2,758,758 Huechuraba 5,noche,3,09:30,21:30,f_cv758@farmacruzverde.cl,(2),2952 3553,,,18345,2016-02-15,3,Multifuncional c/góndolas,RM,Huechuraba 5,13107,"Avenida Santa Marta Nº 7.300, Local 8, 9 y 10 (Strip Center  Patio Huechuraba)}",,,,,
2,759,759 Peñaflor 2,dia,2,08:45,22:00,f_cv759@farmacruzverde.cl,(2),2811 6516,,,19364,2016-02-15,3,Multifuncional c/góndolas,RM,Peñaflor 2,13605,"Avenida Vicuña Mackenna Nº 2005, Local 1962",,,,,
2,765,765 Antofagasta 13,noche,3,08:00,24:00,f_cv765@farmacruzverde.cl,(55),2 25 8219,(2),(2694 4000) 5765,39220,2016-02-15,1,Autoservicio,II,Antofagasta 13,2101,Avenida Angamos Nº 785,,,,,
2,766,766 Algarrobo 2,noche,3,08:30,22:00,f_cv766@farmacruzverde.cl,(35),2 48 1876,,,35193,2016-02-15,3,Multifuncional c/góndolas,V,Algarrobo 2,5602,"Avenida Ignacio Carrera Pinto, esquina Guillermo Mucke",,,,,
2,767,767 Arica 3,noche,3,09:00,22:30,f_cv767@farmacruzverde.cl,(58),2 87 0074,(2),(2694 4000) 5767,28455,2016-02-15,1,Autoservicio,XV,Arica 3,15101,Calle 18 de septiembre Nº 2501,,,,,
2,768,768 La Serena 9,noche,3,09:00,22:00,f_cv768@farmacruzverde.cl,(51),2 55 0085,,,19689,2016-02-15,3,Multifuncional c/góndolas,IV,La Serena 9,4101,"Avenida Gabriela Mistral Nº 3251, Local 1804",,,,,
2,769,769 Antofagasta 14,noche,3,09:00,22:00,f_cv769@farmacruzverde.cl,,,(2),(2694 4000) 5769,24557,2016-02-15,3,Multifuncional c/góndolas,II,Antofagasta 14,2101,Avenida Pedro Aguirre Cerda Nº 11395,,,,,
2,770,770 Salamanca,noche,3,09:00,22:00,f_cv770@farmacruzverde.cl,(53),2 55 3740,,,23845,2016-02-15,3,Multifuncional c/góndolas,IV,Salamanca,4204,Matilde Salamanca Nº 221,,,,,
2,771,771 Limache 4,noche,3,08:30,22:00,f_cv771@farmacruzverde.cl,(33),2 41 4665,,,23575,2016-02-15,1,Autoservicio,V,Limache 4,5802,"Palmira Romano Nº 405, Local 6, 7 y 8",,,,,
2,772,772 Viña del Mar 14,noche,3,10:00,21:00,f_cv772@farmacruzverde.cl,(32),2 71 3659,,,18760,2016-02-15,3,Multifuncional c/góndolas,V,Viña del Mar 14,5109,"Avenida Valparaíso Nº 1070, Local 3008, Mall Espacio Urbano",,,,,
2,773,773 Calama 9,dia,2,08:30,22:00,f_cv773@farmacruzverde.cl,(55),2 33 9575,,,23677,2016-02-15,1,Autoservicio,II,Calama 9,2201,"Avenida  Granaderos  Nº 3651, Local 1070 ",,,,,
2,774,774 Victoria,noche,3,09:30,21:00,f_cv774@farmacruzverde.cl,(45),2 84 4046,,,20589,2016-02-15,3,Multifuncional c/góndolas,IX,Victoria,9211,Lagos Nº 522,,,,,
2,775,775 Puerto Varas 1,noche,3,08:30,22:00,f_cv775@farmacruzverde.cl,(65),2 59 1269,,,24882,2016-02-15,1,Autoservicio,X,Puerto Varas 1,10109,Del Salvador Nº 417,,,,,
2,776,776 Concepción 12,noche,3,09:00,22:00,f_cv776@farmacruzverde.cl,(41),2 48 6194,,,20776,2016-02-15,3,Multifuncional c/góndolas,VIII,Concepción 12,8101,"Ramón Carrasco Nº 52 local 1820, Lomas de San Andres",,,,,
2,777,777 Ancud,noche,3,09:00,21:00,f_cv777@farmacruzverde.cl,(65),2 62 2283,,,24474,2016-02-15,1,Autoservicio,X,Ancud,10202,Avenida Pudeto Nº 254,,,,,
2,778,778 San Pedro de la Paz 3,noche,3,09:00,22:00,f_cv778@farmacruzverde.cl,(41),2 16 8608,,,21905,2016-02-15,3,Multifuncional c/góndolas,VIII,San Pedro de la Paz 3,8108,"Avenida Laguna Grande Nº 115, San Pedro del Valle",,,,,
2,779,779 Copiapó 4,noche,3,09:00,22:00,f_cv779@farmacruzverde.cl,(52),2 24 2275,(2),(2694 4000) 5779,17761,2016-02-15,2,Multifuncional,III,Copiapó 4,3101,"Colipí Nº 484, Local F 101, Centro Comercial Plaza Real",,,,,
2,780,780 Pichilemu,noche,3,09:00,21:00,f_cv780@farmacruzverde.cl,(72),2 84 2080,,,36560,2016-02-15,3,Multifuncional c/góndolas,VI,Pichilemu,6201,"Avenida Ortúzar Nº 323, Local 1.",,,,,
2,784,784 Lautaro,noche,3,09:30,21:00,f_cv784@farmacruzverde.cl,(45),2 53 2621,,,20368,2016-02-15,1,Autoservicio,IX,Lautaro,9108,O' Higgins Nº 892,,,,,
2,785,785 Constitución,noche,3,09:00,22:30,f_cv785@farmacruzverde.cl,(71),2 67 5684,,,26456,2016-02-15,1,Autoservicio,VII,Constitución,7102,"Freire Nº 664, Local A",,,,,
2,786,786 Quellón,noche,3,08:30,22:30,f_cv786@farmacruzverde.cl,(65),2 68 0987,,,24736,2016-02-15,1,Autoservicio,X,Quellón,10208,Juan Ladrilleros Nº 399,,,,,
2,787,787 Rancagua 9,noche,3,09:00,22:00,f_cv787@farmacruzverde.cl,(72),2 95 5190,,,24233,2016-02-15,3,Multifuncional c/góndolas,VI,Rancagua 9,6101,"Samuel Román Rojas Nº 810, Local 1",,,,,
2,788,788 Castro 3,noche,3,09:30,21:00,f_cv788@farmacruzverde.cl,,,(2),(2694 4000) 5788,17403,2016-02-15,2,Multifuncional,X,Castro 3,10201,"Eleuterio Ramirez Nº 240, Local 106 y 107, Mall Paseo Castro",,,,,
2,789,789 Puerto Montt 8,noche,3,09:00,22:00,f_cv789@farmacruzverde.cl,(65),2 51 3723,,,25814,2016-02-15,3,Multifuncional c/góndolas,X,Puerto Montt 8,10101,"Los Notros Nº 1280 Local 11, 12 y 13",,,,,
2,792,792 San pedro de Atacama,noche,3,09:00,22:00,f_cv792@farmacruzverde.cl,(55),2 85 1285,,,27955,2016-02-15,3,Multifuncional c/góndolas,II,San pedro de Atacama,2203,Caracoles Nº 359,,,,,
2,793,793 Rancagua 10,noche,3,09:00,21:30,f_cv793@farmacruzverde.cl,,,(2),(2694 4000) 5793,44455,2016-02-15,1,Autoservicio,VI,Rancagua 10,6101,Paseo Independencia Nº 757,,,,,
2,794,794 Parral,noche,3,09:00,21:30,f_cv794@farmacruzverde.cl,(73),2 46 3325,,,22324,2016-02-15,1,Autoservicio,VII,Parral,7404,Anibal Pinto Nº 632,,,,,
2,796,796 San Miguel 4,noche,3,09:00,23:00,f_cv796@farmacruzverde.cl,(2),2523 3147,,,30942,2016-02-15,1,Autoservicio,RM,San Miguel 4,13130,Gran Avenida Nº 4501,,,,,
2,797,797 Vitacura 10,noche,3,09:00,22:00,f_cv797@farmacruzverde.cl,(2),2228 6800,(2),(2694 4000) 5797,21124,2016-02-15,1,Autoservicio,RM,Vitacura 10,13132,Avenida Vitacura Nº 3480,,,,,
2,798,798 Providencia 15,noche,3,09:00,20:00,f_cv798@farmacruzverde.cl,(2),2335 1126,,,17321,2016-02-15,3,Multifuncional c/góndolas,RM,Providencia 15,13123,"Providencia Nº 2501, Local 1",,,,,
2,799,799 Vitacura 11,noche,3,09:00,21:30,f_cv799@farmacruzverde.cl,(2),2221 9275,,,21214,2016-02-15,1,Autoservicio,RM,Vitacura 11,13132,Avenida Vitacura Nº 6459,,,,,
2,831,831 Las Condes 29,noche,3,08:00,21:30,f_cv831@farmacruzverde.cl,(2),2370 5358,,,26594,2016-02-15,3,Multifuncional c/góndolas,RM,Las Condes 29,13114,Rosario Norte Nº 100  Local 1 y 2,,,,,
2,834,834 Santiago 25,noche,3,08:30,23:30,f_cv834@farmacruzverde.cl,(2),2665 9575,,,14542,2016-02-15,1,Autoservicio,RM,Santiago 25,13101,Avenida Portugal Nº 481 al 497,,,,,
2,835,835 La Florida 11,noche,3,08:30,22:00,f_cv835@farmacruzverde.cl,,,(2),(2694 4000) 5835,12231,2016-02-15,2,Multifuncional,RM,La Florida 11,13110,"Vicente Valdés Nº 85, Local 6",,,,,
2,837,837 Santa Cruz 2,dia,2,09:30,22:00,f_cv837@farmacruzverde.cl,(72),2 82 2449,,,20972,2016-02-15,1,Autoservicio,VI,Santa Cruz 2,6310,"Orlandi Nº 34, Jumbo Santa Cruz",,,,,
2,838,838 Concepción 13,noche,3,10:00,21:30,f_cv838@farmacruzverde.cl,(41),2 56 8144,,,22072,2016-02-15,1,Autoservicio,VIII,Concepción 13,8101,Mall Plaza Mirador Bio Bio,,,,,
2,840,840 Ñuñoa 14,noche,3,08:30,22:00,f_cv840@farmacruzverde.cl,(2),2277 5963,,,12391,2016-02-15,2,Multifuncional,RM,Ñuñoa 14,13120,Irarrazaval Nº 5696,,,,,
2,848,848 Concepción 14,noche,3,08:30,21:30,f_cv848@farmacruzverde.cl,(41),2 22 9489,,,24760,2016-02-15,1,Autoservicio,VIII,Concepción 14,8101,"Avenida O' Higgins Nº 449, Local 101",,,,,
2,849,849 Frutillar,noche,3,09:00,21:00,f_cv849@farmacruzverde.cl,,,(2),(2694 4000) 5849,35320,2016-02-15,3,Multifuncional c/góndolas,X,Frutillar,10105,"Carlos Richter Nº 200, Local 11",,,,,
2,850,850 Ovalle 4,noche,3,09:30,21:30,f_cv850@farmacruzverde.cl,,,(2),(2694 4000) 5850,18535,2016-02-15,2,Multifuncional,IV,Ovalle 4,4301,"Prolongación Benavente Nº 1075, Local 1270, 1er nivel",,,,,
2,851,851 Las Condes 30,noche,3,08:30,21:30,f_cv851@farmacruzverde.cl,(2),2870 0735,,,28331,2016-02-15,1,Autoservicio,RM,Las Condes 30,13114,"Avenida La Plaza Nº 1250, Local D.",,,,,
2,852,852 Ñuñoa 15,noche,3,09:00,22:00,f_cv852@farmacruzverde.cl,(2),2371 8590,,,20765,2016-02-15,1,Autoservicio,RM,Ñuñoa 15,13120,"Avenida José Domingo Cañas Nº 2151,  Local B, C y D",,,,,
2,853,853 Cochrane,noche,3,09:00,21:00,f_cv853@farmacruzverde.cl,,,(2),(2694 4000) 5853,39052,2016-02-15,3,Multifuncional c/góndolas,XI,Cochrane,11301,Avenida Teniente Merino Nº 464,,,,,
2,854,854 Rengo 2,noche,3,09:00,21:00,f_cv854@farmacruzverde.cl,,,(2),(2694 4000) 5854,25572,2016-02-15,3,Multifuncional c/góndolas,VI,Rengo 2,6115,Arturo Prat Nº 61,,,,,
2,855,855 Valdivia 4,noche,3,08:30,21:00,f_cv855@farmacruzverde.cl,,,,,28057,2016-02-15,3,Multifuncional c/góndolas,XIV,Valdivia 4,14101,Coronel Santiago Bueras Nº 1000,,,,,
2,858,858 Ñuñoa 16,noche,3,09:00,22:00,f_cv858@farmacruzverde.cl,,,(2),(2694 4000) 5858,21669,2016-02-15,1,Autoservicio,RM,Ñuñoa 16,13120,Dublé Almeyda Nº 4231,,,,,
2,859,859 Ñuñoa 17,noche,3,09:00,22:00,f_cv859@farmacruzverde.cl,(2),2225 7404,,,24556,2016-02-15,1,Autoservicio,RM,Ñuñoa 17,13120,Avenida Ricardo Lyon Nº 3154,,,,,
2,860,860 La Reina 4,noche,3,08:30,22:00,f_cv860@farmacruzverde.cl,,,(2),(2694 4000) 5860,22095,2016-02-15,1,Autoservicio,RM,La Reina 4,13113,"Carlos Silva Vildósola Nº 9073, Local 1",,,,,
2,861,861 Ñuñoa 18,noche,3,09:00,22:00,f_cv861@farmacruzverde.cl,(2),2371 5537,,,18889,2016-02-15,3,Multifuncional c/góndolas,RM,Ñuñoa 18,13120,"Avenida Manuel Montt Nº 2222, Local 1",,,,,
2,862,862 Ñuñoa 19,noche,3,08:30,22:00,f_cv862@farmacruzverde.cl,,,(2),(2694 4000) 5862,28360,2016-02-15,1,Autoservicio,RM,Ñuñoa 19,13120,"Avenida Irarrázaval Nº 2401, Local 13",,,,,
2,863,863 Valparaíso 6,noche,3,09:00,22:00,f_cv863@farmacruzverde.cl,,,(2),(2694 4000) 5863,14102,2016-02-15,2,Multifuncional,V,Valparaíso 6,5101,"Manuel Antonio Matta Nº 2460, Local 2, Cerro Los Placeres",,,,,
2,864,864 Reñaca 2,noche,3,09:00,21:30,f_cv864@farmacruzverde.cl,,,(2),(2694 4000) 5864,22010,2016-02-15,1,Autoservicio,V,Reñaca 2/ Viña del Mar,5109,"Vicuña Mackenna Nº 468, Local 6, Strip Milano. Reñaca",,,,,
2,865,865 La Serena 10,noche,3,08:30,22:30,f_cv865@farmacruzverde.cl,(51),2 29 9646,,,25064,2016-02-15,1,Autoservicio,IV,La Serena 10,4101,"Avenida Cuatro Esquinas Nº 1617, Local 101, Centro Comercial Portal Cerro Grande",,,,,
2,866,866 Colina 4,noche,3,09:00,21:00,f_cv866@farmacruzverde.cl,(2),2755 3821,(2),(2694 4000) 5866,11819,2016-02-15,3,Multifuncional c/góndolas,RM,Colina 4,13301,Avenida Chicureo s/n sector Piedra Roja (Centro medico integra Clinica Las Condes),,,,,
2,867,867 La Reina 5,noche,3,09:00,21:30,f_cv867@farmacruzverde.cl,(2),2830 6232,(2),(2694 4000) 5867,9664,2016-02-15,2,Multifuncional,RM,La Reina 5,13113,"Avenida Larrain Nº 5862, Local 117, Mall Plaza Egaña",,,,,
2,868,868 San Bernardo 6,noche,3,09:00,22:00,f_cv868@farmacruzverde.cl,,,(2),(2694 4000) 5868,20481,2016-02-15,3,Multifuncional c/góndolas,RM,San Bernardo 6,13401,Avenida Portales Nº 3698,,,,,
2,873,873 Cerrillos 2,noche,3,10:10,22:00,f_cv873@farmacruzverde.cl,,,(2),(2694 4000) 5873,15343,2016-02-15,2,Multifuncional,RM,Cerrillos 2,13102,"Avenida Américo Vespucio Nº 1501, Local D-165",,,,,
2,877,877 San Fernando 3,noche,3,09:00,22:00,f_cv877@farmacruzverde.cl,(72),2 27 1827,,,22261,2016-02-15,1,Autoservicio,VI,San Fernando 3,6301,Avenida Libertador O´Higgins Nº 0450 Local C9,,,,,
2,879,879 Puente Alto 12,noche,3,09:00,22:00,f_cv879@farmacruzverde.cl,,,(2),(2694 4000) 5879,18824,2016-02-15,3,Multifuncional c/góndolas,RM,Puente Alto 12,13201,"Camino a San José de Maipo Nº 07722, Local 2 y 3",,,,,
2,883,883 La Reina 6,noche,3,09:00,22:00,f_cv883@farmacruzverde.cl,(2),2870 0766,,,20947,2016-02-15,3,Multifuncional c/góndolas,RM,La Reina 6,13113,"Alcalde Fernando Castillo Velasco Nº 8751, Local 1 y 2, Patio La Reina",,,,,
2,886,886 Lo Barnechea 5,noche,3,08:30,22:00,f_cv886@farmacruzverde.cl,(2),2870 0751,,,24397,2016-02-15,1,Autoservicio,RM,Lo Barnechea 5,13115,"Avenida Manquehue Oriente  Nº 2030, local 1, Centro Comercial El Tranque",,,,,
2,892,892 Recoleta 4,noche,3,08:00,21:00,f_cv892@farmacruzverde.cl,(2),,(2),(2694 4000) 5892,23861,2016-02-15,3,Multifuncional c/góndolas,RM,Recoleta 4,13127,"Avenida Américo Vespucio Nº 680, Local 1, Estación Intermodal Metro Vespucio Norte",,,,,
2,908,908 Vitacura 12,noche,3,08:30,22:00,f_cv908@farmacruzverde.cl,,,(2),(2694 4000) 5908,22997,2016-02-15,1,Autoservicio,RM,Vitacura 12,13132,"Avenida Santa María Nº 6736, Local C, Centro Comercial Santa María",,,,,
2,909,909 Talca 8,noche,3,09:00,22:00,f_cv909@farmacruzverde.cl,(71),2 24 4161,,,25101,2016-02-15,1,Autoservicio,VII,Talca 8,7101,"Circunvalación Oriente Nº 1055, Local 168, 169, 170, Mall Plaza Maule",,,,,
2,910,910 Los Ángeles 7,noche,3,10:00,21:30,f_cv910@farmacruzverde.cl,(43),2 45 1173,,,12971,2016-02-15,2,Multifuncional,VIII,Los Ángeles 7,8301,"Valdivia Nº 440, Local BH 144, BH 148, BH 152",,,,,
2,911,911 La Florida 12,noche,3,08:30,21:30,f_cv911@farmacruzverde.cl,(2),2580 7619,,,27056,2016-02-15,3,Multifuncional c/góndolas,RM,La Florida 12,13110,"Avenida Vicuña Mackenna Oriente Nº 7110, Local EM 104, 108, 112, 116, 120 y 124, Mall Plaza Vespucio",,,,,
2,917,917 Talcahuano 7,noche,3,10:00,21:00,f_cv917@farmacruzverde.cl,(43),2 55 7850,,,22840,2016-02-15,1,Autoservicio,VIII,Talcahuano 7,8110,"Colón Nº 180, Local 2012 2° Nivel",,,,,
2,925,925 Puerto Montt 9,noche,3,10:00,22:00,f_cv925@farmacruzverde.cl,,,(2),(2694 4000) 5925,19172,2016-02-15,3,Multifuncional c/góndolas,X,Puerto Montt 9,10101,"Avenida Austral Nº 1400, Local 2",,,,,
2,927,927 Osorno 8,noche,3,09:00,22:00,f_cv927@farmacruzverde.cl,(64),2 00 767,(2),(2694 4000) 5927,23567,2016-02-15,1,Autoservicio,X,Osorno 8,10301,"Cesar Ercilla Nº 1740, Local 1",,,,,
2,928,928 Providencia 16,noche,3,10:30,21:00,f_cv928@farmacruzverde.cl,(2),2335 2366,,,11469,2016-02-15,2,Multifuncional,RM,Providencia 16,13123,"Avenida 11 de Septiembre Nº 2155, Local 222",,,,,
2,929,929 Las Condes 31,noche,3,09:00,22:00,f_cv929@farmacruzverde.cl,,,(2),(2694 4000) 5929,18957,2016-02-15,3,Multifuncional c/góndolas,RM,Las Condes 31,13114,Isabel La Católica Nº 5075,,,,,
2,933,933 Talca 9,noche,3,09:00,21:00,f_cv933@farmacruzverde.cl,(71),2 26 0100,,,20626,2016-02-15,1,Autoservicio,VII,Talca 9,7101,1 Norte Nº 2119,,,,,
2,934,934 Vitacura 13,noche,3,09:00,22:00,f_cv934@farmacruzverde.cl,(2),2219 1095,,,22363,2016-02-15,1,Autoservicio,RM,Vitacura 13,13132,Avenida Luis Pasteur Nº 6625,,,,,
2,941,941 Pitrufquén,noche,3,09:00,21:00,f_cv941@farmacruzverde.cl,(45),2 39 2627,,,24623,2016-02-15,1,Autoservicio,IX,Pitrufquén,9114,Francisco de Bilbao Nº 946,,,,,
2,942,942 Nueva Imperial,noche,3,09:00,21:00,f_cv942@farmacruzverde.cl,(45),2 61 3008,,,23213,2016-02-15,1,Autoservicio,IX,Nueva Imperial,9111,Arturo Prat Nº 269,,,,,
2,943,943 Providencia 17,noche,3,08:00,22:00,f_cv943@farmacruzverde.cl,(2),,(2),(2694 4000) 5943,23632,2016-02-15,1,Autoservicio,RM,Providencia 17,13123,"Doctor Manuel Barros Borgoño Nº 63, Local 02, Intersección Nueva Providencia",,,,,
2,944,944 Casa Blanca,noche,3,09:00,21:30,f_cv944@farmacruzverde.cl,,,(2),(2694 4000) 5944,23382,2016-02-15,3,Multifuncional c/góndolas,V,Casa Blanca,5102,"Avenida Diego Portales Nº 551 Local 9, Strip Santa Isabel",,,,,
2,945,945 Quillota 3,noche,3,09:30,22:00,f_cv945@farmacruzverde.cl,,,(2),(2694 4000) 5945,22571,2016-02-15,1,Autoservicio,v,Quillota 3,5501,"Avenida Valparaiso Nº 2150, Local 10",,,,,
2,946,946 Valparaíso 7,noche,3,09:00,22:00,f_cv946@farmacruzverde.cl,,,(2),(2694 4000) 5946,22073,2016-02-15,3,Multifuncional c/góndolas,V,Valparaíso 7,5101,"Jorge Kenrick Nº35, Local 3 y 4",,,,,
2,947,947 Temuco 10,noche,3,09:00,22:00,f_cv947@farmacruzverde.cl,(45),2 38 9283,,,19387,2016-02-15,3,Multifuncional c/góndolas,IX,Temuco 10,9101,"Rudecindo Ortega Nº 01575, (Lider Express)",,,,,
2,950,950 Las Condes 32,noche,3,08:30,21:30,f_cv950@farmacruzverde.cl,(2),2335 6231,,,27662,2016-02-15,3,Multifuncional c/góndolas,RM,Las Condes 32,13114,"Avenida Isidora Goyenechea Nº 3600, Local 104 y 105",,,,,
2,952,952 La Serena 11,noche,3,09:00,22:00,f_cv952@farmacruzverde.cl,(51),2 23 1935,,,20315,2016-02-15,3,Multifuncional c/góndolas,IV,La Serena 11,4101,"Regimiento Arica Nº 6001, Local 1",,,,,
2,953,953 La Calera 2,dia,2,,,,,,,,0,2016-02-15,2,Multifuncional,V,La Calera 2,5502,,,,,,
2,954,954 San Antonio 5,dia,2,,,,,,,,0,2016-02-15,2,Multifuncional,V,San Antonio 5,5601,,,,,,
2,956,956 Puerto Montt 10,noche,3,09:00,21:00,f_cv956@farmacruzverde.cl,,,(2),(2694 4000) 5956,17176,2016-02-15,2,Multifuncional,X,Puerto Montt 10,10101,"Avenida Gabriela Mistral Nº 900, Local 9, 10 y 11, Los Alerces",,,,,
2,957,957 Coquimbo 4,noche,3,09:00,22:00,f_cv957@farmacruzverde.cl,(51),2 27 8647,,,18103,2016-02-15,3,Multifuncional c/góndolas,IV,Coquimbo 4,4102,"Avenida La Cantera Nº 1955, Local 1, 2 y 3, Centro Comercial la Cantera",,,,,
2,958,958 Copiapó 5,noche,3,08:30,22:30,f_cv958@farmacruzverde.cl,(52),2 22 2482,(2),(2694 4000) 5958,30070,2016-02-15,3,Multifuncional c/góndolas,III,Copiapó 5,3101,"Pedro de Valdivia Nº 947, Strip Center Patio Los Carrera.",,,,,
2,959,959 Ovalle 5,noche,3,09:00,22:00,f_cv959@farmacruzverde.cl,(53),2 63 4833,,,19102,2016-02-15,3,Multifuncional c/góndolas,IV,Ovalle 5,4301,"Vicuña Mackenna Nº 890, Comercial El Mirador",,,,,
2,960,960 La Serena 12,noche,3,09:00,22:00,f_cv960@farmacruzverde.cl,(51),2 27 3967,(2),(2694 4000) 5960,24747,2016-02-15,3,Multifuncional c/góndolas,IV,La Serena 12,4101,"Avenida 18 de Septiembre Nº 5040,  Local 9 y 10",,,,,
2,961,961 Providencia 18,noche,3,08:30,22:00,f_cv961@farmacruzverde.cl,(2),2233 5654,(2),2335 2366,18588,2016-02-15,2,Multifuncional,RM,Providencia 18,13123,"Avenida Ricardo Lyon Nº 62, Local 7",,,,,
2,963,963 Rancagua 11,noche,3,09:30,21:30,f_cv963@farmacruzverde.cl,,,(2),(2694 4000) 5963,20456,2016-02-15,3,Multifuncional c/góndolas,VI,Rancagua 11,6101,"Calle Teniente Coronel José Bernardo Cuevas Nº 405, Local 1030, Centro Comercial Open Plaza",,,,,
2,964,964 Santiago 26,dia,2,10:00,22:00,f_cv964@farmacruzverde.cl,(2),2672 6429,,,10951,2016-02-15,2,Multifuncional,RM,Santiago 26,13101,"San Pablo Nº 2398, Local 1 (Líder San Pablo)",,,,,
2,965,965 Lo Barnechea 6,noche,3,08:30,21:30,f_cv965@farmacruzverde.cl,(2),2870 0780,,,23409,2016-02-15,1,Autoservicio,RM,Lo Barnechea 6,13115,"El Gabino Nº 13551, Local A, Centro Comercial La Dehesa",,,,,
2,966,966 Curicó 7,noche,3,10:00,22:00,f_cv966@farmacruzverde.cl,(75),2 32 7132,,,19545,2016-02-15,3,Multifuncional c/góndolas,VII,Curicó 7,7301,"Avenida León Juan Luis X, Nº 1900 Local 02, (Centro Comercial Los Boldos)",,,,,
2,967,967 Copiapó 6,noche,3,10:00,21:30,f_cv967@farmacruzverde.cl,,,(2),(2694 4000) 5967,27798,2016-02-15,1,Autoservicio,III,Copiapó 6,3101,"Maipú Nº 0110, Local 1013 D, Mall Plaza Copiapó.",,,,,
2,968,968 Vitacura 14,noche,3,08:30,22:00,f_cv968@farmacruzverde.cl,(2),2870 0754,,,22936,2016-02-15,1,Autoservicio,RM,Vitacura 14,13132,"Avenida Vitacura Nº 4607 y calle el Tamarugo Nº 1600, Local 19",,,,,
2,969,969 Viña del Mar 15,noche,3,09:00,21:00,f_cv969@farmacruzverde.cl,(32),2 69 4655,,,21045,2016-02-15,3,Multifuncional c/góndolas,V,Viña del Mar 15,5109,"Alvarez Nº 1106, Local 1",,,,,
2,970,970 Cauquenes,noche,3,09:00,21:00,f_cv970@farmacruzverde.cl,(73),2 51 1293,,,25751,2016-02-15,1,Autoservicio,VII,Cauquenes,7201,Victoria Nº 545,,,,,
2,971,971 San Bernardo 7,noche,3,08:30,21:00,f_cv971@farmacruzverde.cl,(2),2841 6063,,,16024,2016-02-15,3,Multifuncional c/góndolas,RM,San Bernardo 7,13401,"Eucaliptus Nº 273, Local 13, 14 y 15.",,,,,
2,974,974 La Reina 7,noche,3,10:00,20:30,f_cv974@farmacruzverde.cl,(2),2227 0202,,,18811,2016-02-15,3,Multifuncional c/góndolas,RM,La Reina 7,13113,"Avenida Larrain Nº 7059, Local A",,,,,
2,977,977 Valdivia 5,noche,3,09:00,23:00,f_cv977@farmacruzverde.cl,(63),2 34 4609,,,27252,2016-02-15,1,Autoservicio,XIV,Valdivia 5,14101,Picarte Nº 343,,,,,
2,978,978 Chillán 5,noche,3,08:30,22:00,f_cv978@farmacruzverde.cl,(42),2 27 5447,,,21072,2016-02-15,3,Multifuncional c/góndolas,VIII,Chillán 5,8401,Avenida Ecuador Nº 599,,,,,
2,979,979 Hualpén 2,noche,3,09:00,22:00,f_cv979@farmacruzverde.cl,,,(2),(2694 4000) 5979,14436,2016-02-15,2,Multifuncional,VIII,Hualpén 2,8112,"Avenida Costanera Rivera Norte 1, Nº 9871, Local 1028. Supermercado Tottus",,,,,
2,990,990 Quilpué 3,noche,3,09:00,21:00,f_cv990@farmacruzverde.cl,(32),2 91 7172,,,19825,2016-02-15,1,Autoservicio,V,Quilpué 3,5801,"Avenida Los Carrera Nº 1504, Local 1",,,,,
2,992,992 Puerto Varas 2,noche,3,09:00,21:30,f_cv992@farmacruzverde.cl,(65),2 23 2501,,,21346,2016-02-15,3,Multifuncional c/góndolas,X,Puerto Varas 2,10109,"Ruta 225 Kilometro 1,5. Parcela 5,  Local 30. Centro Comercial Doña Ema",,,,,
2,993,993 Aysén 2,noche,3,09:00,22:00,f_cv993@farmacruzverde.cl,,,(2),(2694 4000) 5993,29573,2016-02-15,1,Autoservicio,XI,Aysén 2,11201,"Calle Sargento Aldea Nº 1070, Local A",,,,,
2,996,996 La Florida 13,noche,3,10:00,21:30,f_cv996@farmacruzverde.cl,,,(2),(2694 4000) 5996,1758,2016-02-15,2,Multifuncional,RM,La Florida 13,13110,Mall Plaza Vespucio,,,,,
2,999,999 Las Condes 33,noche,3,08:00,20:30,f_cv999@farmacruzverde.cl,,,(2),(2694 4000) 5999,17667,2016-02-15,2,Multifuncional,RM,Las Condes 33,13114,"Cerro el Plomo Nº 5680, Local 104",,,,,
